project_code,year,title,director,keywords,amount,area,start_date,end_date
Id14I10335,2014,"Vacuna Recombinante Contra La Bacteria Lawsonia Intracellularis, Causante De La Enteropatia Prolife Rativa Porcina",Raquel Montesino Segui,,0.0,Agropecuaria,,
Ca12I10022,2012,"Desarrollo De Un Preparado De Fitasa Activa A Bajas Temperaturas (10-16°C) Para Suplementar ""In Vivo Dietas De Peces Con Elevados Niveles De Proteínas Vegetales.",Marcia Costa Lobos,,0.0,Pesca Y Acuicultura,,
Ca12I10023,2012,"Desarrollo, Producción Y Caracterización De Anticuerpos Recombinantes De Origen Humano Anti Mica Con Potencial Terapéutico Para El Tratamiento De Cáncer Gástrico",Maria Molina Sampayo,,0.0,Salud,,
Id14I10128,2014,Uso De Rizobacterias Nativas Para El Control Especifico Del Nematodo Dorado De La Papa Globodera Ros Tochiensis,Erwin Aballay Espinoza,,0.0,Agropecuaria,,
Ca12I10047,2012,Desarrollo De Una Malla De Cultivo Antifouling Para La Industria Acuícola Basada En Polímeros Con Partículas De Cobre,Humberto Palza Cordero,,0.0,Pesca Y Acuicultura,,
Id15I10417,2015,"Steinernema Sp. Aislamiento Licán Ray: Desarrollo De Una Alternativa Para El Control Biológico Del G Usano Cortador Agrotis Ipsilon, Plaga De Las Principales Hortalizas Y Cultivos En Chile",Gabriela Lankin Vega,,0.0,Agropecuaria,,
Ca12I10061,2012,Plataforma Informática Basada En Web-Intelligence Y Herramientas De Análisis De Exploración Visual Para La Mejora De La Estructura Y Contenido De Sitios Web (Akori: Advanced Kernel For Ocular Research And Web Intelligence),Juan Velasquez Silva,,0.0,Tecnología De La Información Y Comunicaciones,,
Ca12I10075,2012,Ciencias Integradas: Una Propuesta De Apoyo A La Educación Formal De Ciencias En Los Niveles De 1º A 4º De Educación General Básica,Luis Barrera Salas,,0.0,Educacion Y Ciencias Sociales,,
Ca12I10076,2012,Modelo De Evaluación De Condiciones Para El Ejercicio De La Parentalidad (Mecep). En El Marco De La Política De Protección De Derechos De La Infancia,Magaly Cabrolie Vargas,,0.0,Educacion Y Ciencias Sociales,,
Ca12I10081,2012,Itext Routing: Reconocimiento Inteligente De Las Intenciones Del Usuarios Para Enrutamiento De Llamdas En Call Centers Utilizando  Técnicas De Análisis Semántico De Lenguaje Natural Y Métodos De Aprendizaje Automático,John Atkinson Abutridy,,0.0,Tecnología De La Información Y Comunicaciones,,
Ca12I10322,2012,Sistema Filtrante Y Desmetalizante Basado En Fibras Vegetales Para Vinos. Un Aporte A La Calidad De Los Vinos Chilenos,Jose Neira Hinojosa,,0.0,Agropecuaria,,
Id16I10196,2016,Sistema De Predicción Temprana De La Enfermedad De Ojo De Buey En Manzanas De Exportación De La Vari Edad Cripps Pink,Jose Reyes Suarez,,0.0,Agropecuaria,,
Ca12I10110,2012,Diseño De Una Formulación Para Uso Farmacéutico Efectiva Contra Bacterias Multirresistentes De Impor Tancia Médica,Guido Mora Longa,,0.0,Salud,,
Ca12I10113,2012,Gestión De Calidad De Capacidades Organizacionales De Fundaciones Y Corporaciones De Emprendimientos Solidarios,Regina Funk Buntemeyer,,0.0,Educacion Y Ciencias Sociales,,
Ca12I10116,2012,Determinación De Dosis De Radiación Aplicada A Alimentos Por Resonancia De Spin Electrónica  (Esr),Alejandro Cabrera Oyarzun,,0.0,Manufactura,,
It13I20045,2013,Selección Y Registro De Nuevas Variedades De Frambuesa Desarrolladas En Chile,Marina Gambardella Casanova,,0.0,Agropecuaria,,
Ca12I10120,2012,Estimulación De La Recuperación Locomotora Luego Del Daño A La Medula Espinal Utilizando Activadores Vesiculares Derivados De Células Gliales Periféricas,Felipe Court Goldsmith,,0.0,Salud,,
It15I10048,2015,Redoxcell: Una Plataforma Para El Registro Del Impacto Antioxidante En Células Vivas,Omar Porras Espinoza,,0.0,Agropecuaria,,
Ca12I10134,2012,"Evaluación De Técnicas De Multiplicación De Cyttaria Espinosae Y Grifola Gargal Y De Sus Capacidades Antioxidantes, Anticancerígenas Y Antimicrobianas Frente A Patógenos De Interés Clínico Y Agrícola",Maribel Parada Ibañez,,0.0,Forestal,,
Ca12I10119,2012,Recuperación De Aromas Durante La Fermentación Enológica Y Su Impacto En La Capacidad Productiva Y La Elaboración De Vinos Diferenciados Aromáticamente.,Jose Perez Correa,,0.0,Agropecuaria,,
Ca12I10150,2012,Identificación Y Desarrollo De Inhibidores De La Enzima 11Beta-Hsd1 Para El Tratamiento De La Hipertensión Arterial Y El Sindrome Metabólico,Carlos Fardella Bello,,0.0,Salud,,
Ca12I10152,2012,Panel De Mutaciones Recurrentes En Chile En Los Genes Brca1 Y Brca2 En Pacientes Con Cancer De Mama Y/U Ovario Hereditario. Diseño De Un Sistema Comercial Para Diagnóstico Genetico En Pacientes Chilenas,Pilar Carvallo De Saint-Quentin,,0.0,Salud,,
Ca12I10167,2012,Diseño E Implementación De Un Nuevo Manipulador Robótico Redundante De 7 Gdl Para Sistemas Mineros E Industriales Tolerantes A Fallas,Eleuterio Urrea Onate,,0.0,Manufactura,,
Ca12I10186,2012,Desarrollo De Barras Intercelda Moduladoras De Corriente (Bmc) Para Electro Obtención De Cobre,Eduardo Wiechmann Fernandez,,0.0,Manufactura,,
Ca12I10205,2012,Uso Inteligente De Gases Para Mejorar La Recuperación En Celdas De Flotación: Aplicación A Concentradoras De Cobre Y Molibdeno,Gonzalo Montes Atenas,,0.0,Mineria,,
Ca13I10272,2013,Propagación In Vitro De Rhodophiala Pratensis Y Su Uso Como Fuente De Alcaloides De Importancia Farm Acológica,Matilde Uribe Moraga,,0.0,Agropecuaria,,
Ca12I10214,2012,Ingenieria Genetica Via Transformacion Cloroplastidica: Poderosa Herramienta En La Optimizacion De La Biosintesis De Astaxantina En Haematococcus Pluvialis,Vitalia Henriquez Quezada,,0.0,Pesca Y Acuicultura,,
Id15I10031,2015,Programa De Propagación Masiva Para El Desarrollo Sustentable De Especies Medicinales En Isla De Pas Cua,Monica Castro Valdebenito,,0.0,Agropecuaria,,
Ca12I10223,2012,Dispositivo Aéreo Programable Para El Desarrollo De Habilidades Lógico-Matemática En Estudiantes De Niveles Escolares Iniciales: E-Divo,Patricio Galeas Echeverria,,0.0,Educacion Y Ciencias Sociales,,
Ca12I10224,2012,Actividad Antibacteriana De Líquenes Antárticos Contra Bacterias Patógenas  Multiresistentes,Gerardo Gonzalez Rocha,,0.0,Salud,,
Ca12I10234,2012,Sistema De Modelamiento Del Ambiente Físico De Aprendizaje (Mafa) Para El Mejoramiento De La Calidad De La Educación Parvularia.,Cynthia Adlerstein Grimberg,,0.0,Educacion Y Ciencias Sociales,,
Ca12I10235,2012,Desarrollo Y Experimentación De Combustor De Astillas De Madera,Carlos Torres Fuchslocher,,0.0,Energia Y Aguas,,
It13I20057,2013,Producción Y Validación De Envases Biodegradables Tipo Clamshell Para El Empaque Y Transporte De Fru Tas De Exportación,Alvaro Maldonado Mendoza,,0.0,Agropecuaria,,
Ca12I10243,2012,"Diseño, Desarrollo Y Validación De Un Sistema De Monitoreo De La Convivencia Escolar",Veronica Lopez Leiva,,0.0,Educacion Y Ciencias Sociales,,
It16I10064,2016,Producción Y Validación De Envases Activos Biodegradables Para Frutos Climatéricos De Exportación,Alvaro Maldonado Mendoza,,0.0,Agropecuaria,,
Ca12I10263,2012,Elaboración De Simulador Virtual Para El Aprendizaje De La Anatomía Y Fisiología Del Segundo Ciclo De Enseñanza Básica,Pablo Rosenblat Guelfenbein,,0.0,Educacion Y Ciencias Sociales,,
Ca12I10280,2012,Desarrollo Y Caracterización De Moléculas Con Utilidad Clínica En Intoxicación Aguda Con Etanol,Jose Guzman Gonzalez,,0.0,Salud,,
Ca12I10288,2012,Desarrollo De Tecnologías Reproductivas Para La Producción De Plantas De Quillay Con Procedencias Seleccionadas,Pablo Honeyman Lucchini,,0.0,Forestal,,
Ca12I10289,2012,Utilización Del Secado Continuo Por Presión En Un Proceso Integrado De Obtención De Chapas De Eucalyptus Nitens De Alto Valor Agregado,Carlos Rozas Mellado,,0.0,Manufactura,,
Ca12I10296,2012,Investigación Y Desarrollo De Herramientas Bioinformáticas Para El Diseño Costo-Efectivo De Biosensores Y Biointerruptores Moleculares,Francisco Melo Ledermann,,0.0,Salud,,
Ca12I10298,2012,"Identificación, Caracterización Y Desarrollo De Péptidos Con Actividad Antimicrobiana A Partir Del Veneno De Arácnidos Endémicos De Chile",Jorge Araya Rojas,,0.0,Salud,,
It15I10016,2015,"Optimización Y Validación De Kit Qpcr Múltiplex Real Time Para La Detección De Los Virus Bovinos Bvd V, Blv Y Bhv-1 Desde Sangre Y Leche",Victor Olavarria Contreras,,0.0,Agropecuaria,,
Ca12I10308,2012,Diseño Y Desarrollo De Un Prototipo Integrado Para La Sintesis Masiva De Nanoestructuras: Aplicacion Es En Nanocompuestos,Manuel Melendrez Castro,,0.0,Manufactura,,
Ca12I10314,2012,Procesamiento Masivo De Eventos En Tiempo Real.,Mauricio Marin Chaihuan,,0.0,Tecnología De La Información Y Comunicaciones,,
Ca13I10004,2013,"Optimización De Metodologías De Poliploidización Para Potenciar El Vigor, La Productividad Y La Cali Dad En Especies Agrícolas",Carlos Muñoz Schick,,0.0,Agropecuaria,,
Ca12I10333,2012,Plataforma De Estudios Preclínicos De Xenotransplantes De Tejidos Metastáticos Humanos Para La Evaluación De Sensibilidad A Drogas Anticancerígenas.,Viviana Montecinos Acuna,,0.0,Salud,,
Ca12I10339,2012,Combustible Líquido Para La Generación De Electricidad A Partir De Biomasa Forestal,Cristina Segura Castillo,,0.0,Energia Y Aguas,,
Ca12I10349,2012,Investigando Las Propiedades Inmunomodulatorias De Una Nueva Población Stem Cell De Fluido Menstrual Recientemente Caracterizada Y Exploración De Su Aplicación Potencial En Enfermedades Inflamatorias,Maroun Khoury Abboud,,0.0,Salud,,
Ca12I10367,2012,Desarrollo De Un Antídoto Profiláctico Para Prevenir El Síndrome Cardiopulmonar Por Hantavirus,Nicole Tischler,,0.0,Salud,,
Ca12I10371,2012,Caracterización Espectral De Fases Fundidas Y Reacciones A Alta Temperatura De Interés En El Control Y Diagnóstico De Procesos De La Pirometalurgia Del Cu.,Roberto Parra Figueroa,,0.0,Mineria,,
Ca12I10372,2012,Siel: Sistema De Estimulacion Del Lactante,Marcela De Lourdes Peña Garay,,0.0,Salud,,
Ca12I10221,2012,"Obtención De Compuestos Polifenólicos Con Potencial Hipoglicemiante, A Partir De Los Desechos Sólidos Del Proceso De Vinificación",Guillermo Saud Sura,,0.0,Agropecuaria,,
Ca12I10375,2012,Carbonización De Biomasa Como Sustituto De Carbón Mineral Para Generación Termoeléctrica - Htc,Alfredo Gordon Strasser,,0.0,Energia Y Aguas,,
Ca12I10380,2012,Virtualmarket: Organizaciones Virtuales De Proveedores Para Identificación Dinámica De Oportunidades De Asociatividad,Hernan Astudillo Rojas,,0.0,Educacion Y Ciencias Sociales,,
Ca12I10383,2012,"Cortes, Escisiones Y Hendiduras Controladas Para El Desarrollo Espacial De Estructuras Resistentes De Madera Sólida Curvada Con Vapor.",Marcos Garcia Alvarado,,0.0,Manufactura,,
It13I10003,2013,Abc Salud: Una Herramienta Para El Mejoramiento De La Gestión Y Valoración De Prestaciones En Hospit Ales Públicos,Liliana Neriz Jara,,0.0,Tecnología De La Información Y Comunicaciones,,
It13I10005,2013,Herramientas Para Fortalecer La Formación De Profesores De Educación Básica Basadas En Experiencias De Enseñanza De La Matemática En Aula,Salome Martinez Salazar,,0.0,Educacion Y Ciencias Sociales,,
It13I10012,2013,"Consolidación Del Desarrollo Tecnológico Para La Producción Masiva De Juveniles De Camarón De Río De L Norte (Cryphiops Caementarius), Basado En El Manejo De La Reproducción Y Protocolos De Operación D El Cultivo",Maria Morales Suazo,,0.0,Pesca Y Acuicultura,,
It13I10017,2013,Automatización De Un Sistema Incondicionalmente Seguro De Comunicación Cuántica Basado En Fibras Ópt Icas Comerciales,Guilherme Barreto Xavier,,0.0,Tecnología De La Información Y Comunicaciones,,
It13I10020,2013,Innovación Social Efectiva: Construcción De Una Batería De Instrumentos Cuantitativos Y Un Soporte T Ecnológico Para Mejorar Los Procesos De Medición De La Calidad En Programas Sociales,Fabiola Cortez-Monroy Muñoz,,0.0,Educacion Y Ciencias Sociales,,
Ca12I10142,2012,Obtencion De Biopreservantes A Partir De Los Extraibles De Corteza De Madera Como Alternativa Al Uso De Plaguicidas Quimico  Sinteticos,Claudia Perez Manriquez,,0.0,Agropecuaria,,
It13I10034,2013,Patrones O Estandares Nacionales De Radiación De Onda Corta Y De Dosis De Radiación Ultravioleta Uv,Raul Cordero,,0.0,Energia Y Aguas,,
It13I10035,2013,Sistema De Monitoreo No Intrusivo De Señales Biomédicas,Alejandro Weinstein Oppenheimer,,0.0,Tecnología De La Información Y Comunicaciones,,
It13I10038,2013,Desarrollo De Un Sistema Móvil Para La Generación De Mapas Térmicos Que Permitan Un Manejo Óptimo De L Riego,Samuel Ortega Farias,,0.0,Energia Y Aguas,,
It13I10044,2013,"Sistema Automático De Dosificación, Llenado Y Empacado De Adsorbentes Poliméricos En Tubos De Desorc Ión Térmica",Francisco Cereceda Balic,,0.0,Manufactura,,
It13I10054,2013,Evaluación Del Desempeño En Línea Productiva De Rodillos De Roll Forming Hechos De Un Polímero Refor Zado Con Fibras Y Nanotubos De Carbono,Paulo Flores Vega,,0.0,Manufactura,,
It13I10057,2013,Desarrollo De Un Bioproducto Para El Control De Fusarium Circinatum En Viveros De Pinus Radiata,Eugenio Sanfuentes Von Stowasser,,0.0,Forestal,,
It13I10059,2013,"Plataforma De Integración Tecnológica Para El Registro, Vigilancia Y Alerta De Enfermedades De Notif Icación Obligatoria",Carla Taramasco Toro,,0.0,Tecnología De La Información Y Comunicaciones,,
It13I10060,2013,Desarrollo De Tecnología Para El Procesamiento Químico De Paja De Trigo,Alex Berg Gebert,,0.0,Manufactura,,
Ca13I10003,2013,Desarrollo De Tecnología Multiplexing Para Marcadores Asociados A La Susceptibilidad Genética De Enf Ermedad Respiratoria Grave Por Virus Sincicial Respiratorio (Rsv): Algoritmo Predictor De Riesgo Gen Ético.,Carmen Larrañaga Larrañaga,,0.0,Salud,,
Id14I10068,2014,Nuevo Biopesticida Basado En Bacterias Inductoras De Resistencia Para El Control De La Bacteriosis D El Kiwi Psa,Ernesto Moya Elizondo,,0.0,Agropecuaria,,
Ca13I10005,2013,Desarrollo De Prótesis Dentales Antimicrobianas Para El Control De Infecciones Orales Basadas En Mat Eriales Acrílicos Modificados Con Nanopartículas De Cobre,Cristian Covarrubias Gallardo,,0.0,Manufactura,,
Ca13I10013,2013,Uso De Células Que Expresan Un Biosensor Redox Para Evaluar La Capacidad Antioxidante De Moléculas D E Interés Nutricional Y Terapéutico,Omar Porras Espinoza,,0.0,Alimentos Funcionales,,
Ca13I10019,2013,Biomineralización Aplicada En Minería,Davor Cotoras Tadic,,0.0,Mineria,,
Ca13I10023,2013,"Un Prototipo De Un Sistema Analítico E Interactivo Para Apoyar El Diseño,  Desarrollo Y Evaluación D E Políticas Públicas En Educación",Patricio Rodriguez Valdes,,0.0,Educacion Y Ciencias Sociales,,
Ca13I10026,2013,Elementos Innovadores De Protección Sísmica,Ricardo Herrera Mardones,,0.0,Infraestructura,,
Ca12I10086,2012,Levaduras Killer Y Micoparasiticas  Antagonicas De  Botrytis Cinerea Como  Biofungicidas Para El Control Biologico De La Pudricion Gris,Gaston Muñoz Vera,,0.0,Agropecuaria,,
Ca13I10049,2013,Optimización Del Diseño De Caminos Y Localización De Maquinaria De Cosecha Para La Extracción De Los Rollizos En Las Operaciones Forestales,Rafael Epstein Numhauser,,0.0,Forestal,,
Ca13I10060,2013,Desarrollo De Habilidades Tic Para El Aprendizaje A Través De Actividades De Aprendizaje Mediadas Po R Asistentes Digitales,Juan Hinostroza Scheel,,0.0,Educacion Y Ciencias Sociales,,
Ca13I10061,2013,Medidor De Impacto Y Derrames De Proyectos Regionales En Chile,Patricio Aroca Gonzalez,,0.0,Educacion Y Ciencias Sociales,,
Ca13I10077,2013,Inmunoterapia Para Combatir Las Infecciones Reincidentes De Clostridium Difficile,Daniel Paredes Sabja,,0.0,Salud,,
Ca13I10080,2013,Bacteria Troyana Para Prevención De Cancer Gastrico,Hector Venegas Esparza,,0.0,Salud,,
Ca13I10087,2013,Programa De Preparación Para La Vida Universitaria,Claudia Zuniga Rivas,,0.0,Educacion Y Ciencias Sociales,,
Ca13I10088,2013,Producto Derivado De Células Troncales Mesenquimáticas Favorece La Regeneración Del Hígado En Indivi Duos Con Esteatosis Sometidos A Cirugía De Resección Hepática,Eduardo Ezquer,,0.0,Salud,,
Ca13I10102,2013,Modelo Dinámico De Demanda Hídrica Aplicable A La Gestión De Recursos Hídricos A Nivel De Cuenca,Rodrigo Fuster Gómez,,0.0,Energia Y Aguas,,
Ca13I10108,2013,Consolidación Y Aplicación De Un Modelo Sobre Monitoreo De Riesgo De Corrupción En Gobiernos Regiona Les,Sergio Toro Maureira,,0.0,Educacion Y Ciencias Sociales,,
Id14I10010,2014,La Huella Microbiologica De Los Vinos Chilenos: Aprovechamiento De Cepas Nativas De Levaduras Asocia Das A Denominacion De Origen Para La Produccion De Vinos Premium,Carla Jara Campos,,0.0,Agropecuaria,,
Ca13I10121,2013,Herramienta De Predicción De Indicadores De Disponibilidad Para Gestión De Activos Mineros,Gonzalo Acuna Leiva,,0.0,Mineria,,
Ca13I10129,2013,Sistema De Soporte De Decisión Para El Manejo Espacial Del Riego En Pivotes Centrales,Luis Lagos Roa,,0.0,Energia Y Aguas,,
Id15I10032,2015,Kiwiphage: Desarrollo De Un Antimicrobiano Natural Contra El Cancro Bacteriano Del Kiwi Utilizando B Acteriófagos,Roberto Bastias Romo,,0.0,Agropecuaria,,
Ca13I10145,2013,"Conversión Térmica De Biomasa Microalgal Agotada Para La Producción De Bio-Oil, Syngas Y Biochar Pos T Extracción De Bioproductos De Alto Valor Agregado",Gustavo Ciudad Bazaul,,0.0,Energia Y Aguas,,
Ca13I10148,2013,Desarrollo De Un Software Basado En Inteligencia Artificial Para Estandarizar Y Optimizar Procesos D E Selección Masivos Para Mercados Iberamericanos,Pablo Vera Villarroel,,0.0,Educacion Y Ciencias Sociales,,
Ca13I10157,2013,Sistema De Impresión 3D De Secciones Corporales Humanas. Prosección Anatómica En Réplicas 3D.,Oscar Inzunza Hernandez,,0.0,Tecnología De La Información Y Comunicaciones,,
Ca13I10162,2013,Desarrollo Y Validación De Una Estrategia De Etiquetado Genómico Para El Monitoreo De Poblaciones Ba Cterianas De Biolixiviación,Raquel Quatrini,,0.0,Mineria,,
Ca13I10165,2013,"Desarrollo Y Evaluación Experimental De Un Método De Desafíos De Aprendizaje, Asistido Por Un Protot Ipo De Software Visual Interactivo, De Apoyo Al Desarrollo De Habilidades Cognitivas Para El Aprendi Zaje Ágil Y Significativo Del Inglés Como Lengua Extran",Hector Ponce Arias,,0.0,Educacion Y Ciencias Sociales,,
Ca13I10173,2013,"Internet Para El Desarrollo Agrícola De Chile: Servicio Público Para Estimar El Impacto De Co-Existe Ncia De Especies Vegetales Genéticamente Modificadas, Convencionales Y Orgánicas",Humberto Prieto Encalada,,0.0,Agropecuaria,,
Id14I10097,2014,Inoculante Bacteriano Para La Promocion Del Crecimiento Y Control De Patogenos En Tomate,Macarena Gerding Gonzalez,,0.0,Agropecuaria,,
Ca13I10176,2013,Estudio Y Desarrollo De Un Analizador De Calidad De Mineral En Procesos De Aglomerado Y Curado Para Plantas De Extracción De Cobre De Tipo Hidrometalúrgicas,Aldo Cipriano Zamorano,,0.0,Mineria,,
Ca13I10178,2013,"Generación De Un Mapa De Competencias Para La Trayectoria De Los Docentes En Servicio Y De Un Softwa Re De Monitoreo De Competencias, Detección De Riesgos (Abandono, Baja Calidad Enseñanza Entregada, E Tc.) Y Entrega Alertas",Erika Castillo Barrientos,,0.0,Educacion Y Ciencias Sociales,,
Ca13I10190,2013,Subestimación De Las Precipitaciones Extremas Sobre Duraciones Cortas: Cuantificación De Hipótesis E Xplicativas Y Propuesta Metodológica Preliminar,Claudio Meier Vargas,,0.0,Energia Y Aguas,,
Ca13I10203,2013,Construccion De Un Espectrografo Astronomico De Alta Resolucion - Fideos,Leonardo Vanzi,,0.0,Tecnología De La Información Y Comunicaciones,,
Id14I10234,2014,Innovar En Nuevas Estrategias De Pre Condicionamiento In Vitro De Celulas Madre Mesenquimales Para S U Uso En Bioingenieria Tisular En Medicina Veterinaria Y Como Modelos Celulares Para Aplicaciones Tr Aslacionales Futuras A Seres Humanos,Fidel Castro Reboredo,,0.0,Agropecuaria,,
Id15I10087,2015,Innovación En La Detección De Virus Y Viroides En Cerezo En Chile,Nicola Fiore Ciccardini,,0.0,Agropecuaria,,
Ca13I10210,2013,Diseño De Sistema De Comunicación De Salud Para Adultos Mayores Y Sus Redes De Apoyo,Sergio Godoy Etcheverry,,0.0,Educacion Y Ciencias Sociales,,
Ca13I10223,2013,Desarrollo Y Evaluación Funcional De Moléculas Sintéticas Inhibidoras De Los Canales De Potasio Task -3 Para El Tratamiento De Tumores Sólidos,Leandro Zuñiga Hormazabal,,0.0,Salud,,
Ca13I10225,2013,Desarrollo De Aposito En Base A Cobre Para El Tratamiento De Pacientes Portadores De Heridas Infecta Das,Victor Silva Vargas,,0.0,Salud,,
Ca13I10238,2013,Desarrollo De Instrumentos Para Reducir La Victimización Secundaria En Víctimas Infantiles De Delito S Sexuales,Decio Mettifogo Guerrero,,0.0,Educacion Y Ciencias Sociales,,
Ca12I10104,2012,"Gas En Polvo: Una Nueva Herramienta Nano - Microtecnológica Para Controlar Maduración, Senescencia Y Pudriciones En Frutos De Exportación En Postcosecha.",Reinaldo Campos Vargas,,0.0,Agropecuaria,,
Ca13I10244,2013,Llave Óptica,Rodrigo Vicencio Poblete,,0.0,Tecnología De La Información Y Comunicaciones,,
Ca13I10261,2013,"Desarrollo Y Diseño De Un Eco-Bloque De Hormigón En Base A Materiales Reciclados, Con Menor Impacto Ambiental, Menor Costo Y Mayor Eficiencia Termica",Viviana Letelier Gonzalez,,0.0,Infraestructura,,
Ca13I10266,2013,"Producción De Furanos En Base A Carbohidratos De Corteza De Pino (Biofurans, Chile)",Teresita Marzialetti B.,,0.0,Manufactura,,
Id16I10481,2016,"Fortalecimiento Del Programa De Mejoramiento Genético De Alstroemeria (Pmgals-Uc) A Través De La Inc Orporación De Germoplasma Nativo, Seleccionado Mediante Análisis Genético Y Fitosanitario, Con Poten Cial Para El Mercado De Flores Nacional Y Extranjero.",Marlene Gebauer Hernandez,,0.0,Agropecuaria,,
Ca13I10273,2013,Plataforma De Procesamiento Y Gestión De Señales Sísmicas Para Apoyar La Identificación De Eventos D El Volcán Llaima.,Gloria Curilem Saldías,,0.0,Tecnología De La Información Y Comunicaciones,,
Ca13I10274,2013,Desarrollo De Una Plataforma De Biosensor Lipídico Para La Detección De Marea Roja In Situ,Patricio Villalobos Biaggini,,0.0,Pesca Y Acuicultura,,
Ca13I10276,2013,Sistema Integrado De Planificación De Proyectos Para Restauración De Ecosistemas Forestales En Chile,Adison Altamirano Navarrete,,0.0,Forestal,,
Ca13I10277,2013,Pronóstico De Caudales De Deshielo Utilizando Técnicas De Percepción Remota Y Asimilación De Datos H Idro Meteorológicos,James Mcphee Torres,,0.0,Energia Y Aguas,,
Id14I10440,2014,Fermentacion Y Formulaciones De Nematodos Entomopatogenos Nativos (Neps) Para El Control Biologico D E Plagas De Importancia Agricola,Rene France Iglesias,,0.0,Agropecuaria,,
Ca13I10285,2013,"Endolyptus: Hongos Y Bacterias Endófitas Como Agentes De Biocontrol De Enfermedades Y Promoción De C Recimiento En Eucalyptus Globulus, E. Nitens E Hibridos",Eugenio Sanfuentes Von Stowasser,,0.0,Forestal,,
Ca13I10300,2013,Desarrollo Y Evaluación De Algoritmos De Data Mining Para La Predicción Del Riesgo De Crisis En Paci Entes Ambulatorios De Un Hospital Pediátrico,Sebastian Rios Perez,,0.0,Tecnología De La Información Y Comunicaciones,,
Ca13I10305,2013,Detección Y Caracterización De Variables Geometalúrgicas A Partir De Imágenes Hiperespectrales,Martin Adams,,0.0,Mineria,,
Ca13I10310,2013,Densificación Y Nanocaracterización De Maderas De Rápido Crecimiento Para Productos De Ingeniería De Alto Valor,Cecilia Bustos Avila,,0.0,Forestal,,
Ca13I10317,2013,Autenticación De Vino Con Información Electrónica,Trung Pham Tat,,0.0,Alimentos Funcionales,,
Ca13I10318,2013,"Desarrollo De Cuatro Prototipos De Medidores Inteligentes Para Implementarlos En La Red Eléctrica De Generación, Transmisión, Distribución Y En Los Usuarios",Washington Fernandez Ravanales,,0.0,Tecnología De La Información Y Comunicaciones,,
Ca13I10319,2013,Creación De Modelos Para Programación De Citas Y Periodicidad De Exámenes Médicos En El Diagnóstico De Enfermedades En Un Sistema De Salud Público,Juan Ferrer Ortiz,,0.0,Tecnología De La Información Y Comunicaciones,,
Ca13I10320,2013,Desarrollo De Sistemas De Medición En Línea Del Contenido De Aire Para La Optimización Del Proceso D E Flotación,Luis Magne Ortega,,0.0,Mineria,,
It15I10006,2015,Evaluación Y Validación Tecnológica De Una Vacuna Polivalente De Subunidad Contra Mastitis Bovina.,Mario Maino Menendez,,0.0,Agropecuaria,,
Ca13I10331,2013,Video Juegos Serios Para Toma De Decisiones Frente A Desastres,Mario Bruno Melendez,,0.0,Tecnología De La Información Y Comunicaciones,,
It13I10025,2013,Evaluación De La Eficacia De Una Nueva Vacuna Anti-Staphylococcus Aureus (Masti-Vac) Para El Control De Mastitis Bovina En Rebaños Lecheros Del Sur De Chile.,Juan Kruze Virtonich,,0.0,Agropecuaria,,
Ca13I10339,2013,Aplicaciones Digitales Educativas Desde Ciencia Del Comportamiento Y La Complejidad,Carlos Rodriguez Sickert,,0.0,Educacion Y Ciencias Sociales,,
Ca13I10346,2013,Sistema De Evaluación Y Monitoreo De Estrategias De Remediación De Suelos Contaminados Por Combustib Les,Cedric Little Orellana,,0.0,Energia Y Aguas,,
Ca13I10353,2013,Prototipo De Laboratorio Para Inducir La Fragmentación De Minerales Via La Aplicación Continua De Pu Lsos  De Microondas,Waldo Valderrama Reyes,,0.0,Mineria,,
It13I20002,2013,Aquasat: Un Servicio Integrado Para El Manejo Sitio-Específico Del Agua De Riego,Mario Lillo Saavedra,,0.0,Energia Y Aguas,,
It13I20003,2013,Validación In-Situ Del Efecto Antimicrobiano De Polímeros Con Nanopartículas Basadas En Cobre En Ins Talaciones Hospitalarias,Humberto Palza Cordero,,0.0,Manufactura,,
It13I20006,2013,Un Atlas De Oleaje Para Chile,Jose Beyá,,0.0,Energia Y Aguas,,
It13I20008,2013,Producción Out-Door A Escala Piloto De Rotíferos Como Vector De Ingreso De Consorcios Microbianos Be Néficos Para Cultivos Acuícolas,Fernando Silva Aciares,,0.0,Pesca Y Acuicultura,,
Ca12I10248,2012,"Evaluación De Estrategias Microbiológicas, Enzimáticas Y Operacionales Para La Producción De Vino Reducido En Alcohol",Alejandra Urtubia Urbina,,0.0,Agropecuaria,,
It13I20010,2013,Gems: Gestión Experimental De La Mejora De Software,María Bastarrica Piñeyro,,0.0,Tecnología De La Información Y Comunicaciones,,
It13I20015,2013,Redes Inalámbricas De Sensores: Desarrollo De Soluciones Precompetitivas,Christian Oberli,,0.0,Tecnología De La Información Y Comunicaciones,,
Id15I10142,2015,Estimación Del Contenido De Aceite En Olivas En Base A Tecnologías No Destructivas,Marco Mora Cofre,,0.0,Agropecuaria,,
It13I20027,2013,Estrategia Para El Mejoramiento Del Clima Emocional En El Aula,Dante Castillo Guajardo,,0.0,Educacion Y Ciencias Sociales,,
It13I20031,2013,Desarrollo De Una Herramienta Para La Evaluación Económica De Niveles De Servicio Al Cliente En Reta Il,Marcelo Olivres Acuña,,0.0,Educacion Y Ciencias Sociales,,
It13I20037,2013,Desarrollo De Un Sistema Integrado Para El Pronóstico De Caudales En Cuencas De Montaña Para La Oper Ación De Centrales Hidroeléctricas,Bonifacio Fernandez Larrañaga,,0.0,Energia Y Aguas,,
It13I20042,2013,Sistema Experto Para Procesos Industriales De Biolixiviación,Cecilia Demergasso Semenzato,,0.0,Mineria,,
Ca12I10236,2012,Estimación De La Madurez Fenólica De La Uva Basada En Imágenes De La Semilla,Marco Mora Cofre,,0.0,Agropecuaria,,
Id14I10098,2014,Enzima De Origen Antartico Con Actividad Beta Galactosidasa Altamente Eficiente En Deslactosar Lech E A Baja Temperatura,Renato Chavez,,0.0,Agropecuaria,,
It13I20049,2013,"Plataforma Tecnológica Basada En Web Intelligence Que Captura Y Genera Información En Forma Ubicua Y Adaptable En Función Del Entorno, Para La Creación De Valor En El Sector Turismo",Juan Velasquez Silva,,0.0,Educacion Y Ciencias Sociales,,
Ca12I10307,2012,Envases Termoformados Biodegradable E Inhibidores De Microorganismos Fitopatógenos Y Saprofitos.,Pedro Aqueveque Muñoz,,0.0,Agropecuaria,,
It13I20060,2013,"Máquinas Que Aprenden Para La Estimación No Invasiva Y Mínimamente Intrusiva (Nimi) De Presión Arter Ial: Ensayos Clínicos En Voluntarios Sanos, Y Ensayos Preliminares En Fase Ii.",Antonio Glaria Bengoechea,,0.0,Salud,,
Id14I10108,2014,Efecto De Factores Determinantes En La Micropropagacion De Clones Seleccionados De Maqui (Aristoteli A Chilensis) Para El Desarrollo De Un Protocolo Eficiente De Multiplicacion In Vitro,Hermine Vogel,,0.0,Agropecuaria,,
Id14I10016,2014,Sistema De Pronostico De La Energia Generada Por Un Parque Eolico,Sonia Montecinos Geisse,,0.0,Energia Y Aguas,,
Id14I10017,2014,Racconto Recomendacion Y Perfilamiento De Piezas De Museo Basados En Sensibilidad Al Contexto De Us Uario Y Ontologias Culturales,Javier Pereira Retamales,,0.0,Educacion Y Ciencias Sociales,,
Id14I10026,2014,Sistema Automatizado De Monitoreo Y Gestion De Edificaciones Que Evalua Economicamente La Implementa Cion De Medidas Y Tecnologias Para La Eficiencia Energetica,María Del Campo Hitschfeld,,0.0,Infraestructura,,
Id14I10145,2014,Deteccion De Celos De Vacas Basado En Monitoreo En Tiempo Real De Señales De Temperatura Y Movimient O Mediante Redes De Sensores Inalambricos,Carlos Muñoz Poblete,,0.0,Agropecuaria,,
Id14I10058,2014,Desarrollo De Un Programa De Fortalecimiento De Practicas Parentales Con Foco En La Prevencion E Int Ervencion Temprana En Problemas Y Trastornos De Conducta De Niños Y Niñas Preescolares,Felix Cova Solar,,0.0,Educacion Y Ciencias Sociales,,
Id14I10063,2014,Diseño E Implementacion De Un Prototipo Experimental De Micro Redes Para Comunidades Mapuche,Doris Saez Hueichapan,,0.0,Energia Y Aguas,,
It13I20009,2013,Desarrollo Y Validación De Una Vacuna Para La Inmunocastración De Bovinos,Leonardo Saenz Iturriaga,,0.0,Agropecuaria,,
Id14I10072,2014,Control Microbiologico De Las Etapas Primarias De La Formacion De Biofouling En Sustratos Marinos,Fernando Silva Aciares,,0.0,Pesca Y Acuicultura,,
Id14I10078,2014,"Medicion Del Compromiso Del Niño, Niña Y Adolescente Con Sus Estudios Para La Promocion De Trayector Ias Educativas Exitosas",Mahia Saracostti Schwartzman,,0.0,Educacion Y Ciencias Sociales,,
Id14I10081,2014,Panel Aislante Termico Sustentable A Partir De Corteza De Eucalyptus Sp.,Cecilia Fuentealba Becerra,,0.0,Infraestructura,,
Id14I10084,2014,Desarrollo De Anticuerpos Terapeuticos Humanos Para El Tratamiento Del Sindrome Cardiopulmonar Por H Antavirus (Scph),Maria Barria Carcamo,,0.0,Salud,,
Id14I10090,2014,"Desarrollo De Una Plataforma Genomica En Salmon Coho, Para La Implementacion De Programas De Mejora Miento Genetico Sustentable En Chile",Victor Martinez Moncada,,0.0,Pesca Y Acuicultura,,
Id14I10094,2014,"Evaluacion De La Eficacia Del Uso De Tecnologia De La Informacion En El Aula De Primer Ciclo Basico, Para La Promocion De La Argumentacion Oral Y El Aprendizaje En Ciencias.",Antonia Larrain Sutil,,0.0,Educacion Y Ciencias Sociales,,
Id17Al0007,2017,Desarrollo Y Validación De Una Bioformulación En Base A Bacterias Y Adyuvantes Naturales Nativos Par A El Control De Pudrición Gris (Botrytis Cinerea),Evelyn Silva Moreno,,0.0,Agropecuaria,,
It14I10011,2014,Desarrollo Y Validación De Un Alimento Funcional Cárnico Rico En Fibra Y Antioxidantes A Base De H Arina De Bagazo De Uva Para Beneficiar El Consumo De Fibra Y Antioxidantes En La Población Chilena,Attilio Rigotti Rivera,,0.0,Agropecuaria,,
Id14I10201,2014,Desarrollo Y Validacion De Tecnicas Multiplex De Qrt Pcr Para El De Diagnostico Y Tipificacion En Ti Empo Real Del Virus Del Sindrome Respiratorio Y Reproductivo Porcino Y El Virus De Influenza En Cerd Os De Produccion Intensiva,Rafael Medina Silva,,0.0,Agropecuaria,,
Id15I10180,2015,Desarrollo Y Evaluación De Una Barra De Frutas Fortificadas Con Componentes Bioactivos Utilizando Te Cnología Combinada De Impregnación A Vacío Y Secado A Temperaturas Moderadas,Jorge Moreno Cuevas,,0.0,Agropecuaria,,
Id14I10110,2014,Mejoramiento Y Desarrollo Biotecnologico De La Produccion De La Microalga Chlorofita Like Muriellop Sis Sp Para La Obtencion De Compuestos Antioxidantes En El Norte De Chile.,Carlos Riquelme Salamanca,,0.0,Pesca Y Acuicultura,,
Id14I10124,2014,Produccion De Nanotubos De Carbono A Partir De Residuos Plasticos Y Energia Solar,Edgar Mosquera Vargas,,0.0,Manufactura,,
Id14I10125,2014,Mejoramiento Del Estatus Nutricional En Larvas De Seriola Lalandi Utilizando Nuevos Enriquecedores Para Alimentos Vivos Y Microdietas Inertes: Efecto De Acidos Grasos Esenciales Sobre Indicadores Pro Ductivos Y Nivel De Deformidades Craneales Y De Columna,Herman Dantagnan Dantagnan,,0.0,Pesca Y Acuicultura,,
Id14I10127,2014,Tecnicas De Micropropagacion Y Criopreservacion Para Algas De Importancia Comercial En El Sur De Chi Le,Maria Piel Westermeyer,,0.0,Pesca Y Acuicultura,,
Ca13I10140,2013,Desarrollo Y Evaluación De Un Producto Bioestimulante En Base A Compuestos Naturales Que Potencien L A Respuesta Inmunológica De La Abeja Apis Mellifera Para El Control De Nosema Ceranae.,Ximena Araneda Duran,,0.0,Agropecuaria,,
Id14I10129,2014,Diseño De Un Metodo Para Migrar La Operacion De Las Redes Opticas Desde Su Actual Funcionamiento Es Tatico A Un Funcionamiento Dinamico,Reinaldo Vallejos Campos,,0.0,Tecnología De La Información Y Comunicaciones,,
Id14I10130,2014,"Biopurificacion De Aire De Interiores: Mejora De La Salud, Bienestar Y Productividad",Alberto Vergara Fernandez,,0.0,Energia Y Aguas,,
Id14I10139,2014,Prototipo Y Validacion De Una Plataforma Virtual De Evaluacion De Competencias Directivas De Lideraz Go Instruccional Para Contextos Escolares Basado En Metodos De Analisis De Desempeño Directivo,Paulo Volante Beach,,0.0,Educacion Y Ciencias Sociales,,
Id15I10523,2015,"Desarrollo Y Evaluación De Extractos Funcionales Con Propiedades Celulares Antioxidantes, De Osmore Gulación Y De Protección Uv, Mediante Fraccionamiento Con Procesos De Membrana De Los Residuos De La Industria Conservera De Mariscos",Ximena Romo Marty,,0.0,Agropecuaria,,
Id14I10151,2014,"Desarrollo De Un Estabilizador De Material Particulado Con Capacidad Mejoradora De Suelos, En Base A Costras Biologicas",Claudia Ortiz Calderon,,0.0,Mineria,,
Id14I10187,2014,Colecciones De Referencia Para El Patrimonio Construido   Identificacion Microestructural De Materi Ales Y Macroestructural De Sistemas Constructivos Patrimoniales,Patricia Martinez Ramirez,,0.0,Infraestructura,,
It14I10102,2014,Desarrollo Evaluación Y Escalamiento A Nivel Pre-Industrial De Una Nueva Formulación Natural A Base De Lípidos Complejos Para El Control De Escaldado Superficial En Manzanas Y Peras De Exportación,Carolina Torres Del Campo,,0.0,Agropecuaria,,
Id14I10199,2014,Seleccion De Reproductores De Bacalao Del Atlantico (Gadus Morhua) Con Una Amplia Diversidad Genetic A Para Produccion Larvaria En Chile,Cristian Araneda Tolosa,,0.0,Pesca Y Acuicultura,,
It13I20021,2013,Desarrollo De Una Vacuna Oral Contra Circovirus Porcino En Base A Microencapsulación De Antígenos Vl Ps Con Quitosano Funcionalizado Con Propiedades Mucoadhesivas,Sergio Bucarey Vivanco,,0.0,Agropecuaria,,
Id14I10208,2014,"Desarrollo De Una Herramienta Computacional Para El Diseño Y Evaluacion De Conjuntos Urbanos Residen Ciales En Base A Criterios Urbanisticos, De Eficiencia Energetica, Ciclo De Vida Y Sostenibilidad",Luis Merino Quilodran,,0.0,Infraestructura,,
Id14I10219,2014,Desarrollo De Un Proceso De Sintesis De Policaprolactona A Partir De Ciclohexanona Combinando Dos Re Acciones Biocataliticas Mediante El Uso De Dioxido De Carbono Supercritico,Loreto Parra Atala,,0.0,Manufactura,,
Id14I10231,2014,Procedimiento Para Esterilizacion Con Calor Por Radiofrecuencia De Maderas De Pino Radiata Para Emba Lajes De Exportacion,Ruben Ananias Abuter,,0.0,Manufactura,,
Id15I10129,2015,Desarrollo De Una Terapia Experimental Alogénica Basada En Células Madre Mesenquimáticas Para El Tra Tamiento De La Mastitis Bovina.,Oscar Peralta Trocoso,,0.0,Agropecuaria,,
Id14I10236,2014,Desarrollo De Una Terapia Neurotrofica Para La Hidrocefalia Congenita Basada En El Uso De Celulas En Capsuladas De Organo Subcomisural,Maria Guerra Martin,,0.0,Salud,,
Id14I10242,2014,Desarrollo De Un Sistema De Seleccion Genomica En Hibridos De Alamo. Una Prueba De Concepto Para Pro Gramas De Mejoramiento Genetico En Chile,Francisco Zamudio Arancibia,,0.0,Forestal,,
Id14I10250,2014,Desarrollo De Productos Derivados De Lignina Para Aplicaciones En La Industria Minera,Regis Teixeira Mendonca,,0.0,Mineria,,
Id14I10274,2014,Sistema Colaborativo De Analisis Y Solucion De Problemas De Interaccion Profesor Alumno Para Formaci On Inicial Docente,Christian Labbé Barrientos,,0.0,Educacion Y Ciencias Sociales,,
Id14I10293,2014,Produccion Masiva De Larvas Y Juveniles De Bacalao De Profundidad En Sistemas De Cultivo.,Alberto Reyes Campos,,0.0,Pesca Y Acuicultura,,
Id14I10309,2014,Investigacion Y Desarrollo De Modelos Para Cuantificar Y Mitigar El Riesgo De Eventos Naturales En L A Red Vial Nacional,Marcela Chamorro Gine,,0.0,Infraestructura,,
Id14I10106,2014,Desarrollo De Una Plataforma De Fenotipeo Que Permita Bajar Costos Y Acelerar La Liberacion De Culti Vares En Los Programas De Mejoramiento Genetico,Gustavo Lobos Prats,,0.0,Agropecuaria,,
Ca13I10035,2013,Desarrollo De Una Herramienta Eficaz De Control Biológico Con Efecto Protector Elicitor Contra Infec Ciones Causadas Por Botryosphaeria Spp. En Vitis Vinifera,Jaime Montealegre Andrade,,0.0,Agropecuaria,,
Id14I10338,2014,"Estrategias De Desarrollo Profesional: Profesores De Enseñanza Basica, Habilidades Matematicas Y Cla Ses De Matematica",Patricio Felmer Aichele,,0.0,Educacion Y Ciencias Sociales,,
Id14I10343,2014,"Desarrollo De Una Tecnica De Propagacion Vegetativa Mixta De Chicorea De Mar (Chondracanthus Chamiss Oi), A Traves De Fragmentacion Y Formacion De Discos De Fijacion Secundaria.",Juan Macchiavello Armengol,,0.0,Pesca Y Acuicultura,,
It16I10006,2016,Desarrollo De Una Bioformulación Con Propiedades De Efecto Elicitor Y Promotor De Crecimiento Para E L Control De Diplodia Seriata En Vid,Jaime Montealegre Andrade,,0.0,Agropecuaria,,
Id14I10364,2014,Metodos Multiespectrales Para La Deteccion De Defectos Y Control Automatico De Calidad En La Industr Ia De La Madera,Cristhian Aguilera Carrasco,,0.0,Manufactura,,
Ca12I10039,2012,"Desarrollo De Un Prototipo De Vacuna Microencapsulada De Efecto Prolongado, Contra Antigenos De Cl. Chauvoei Y Cl. Haemolyticum, Como Modelo De Sistema De Producción De Vacunas Para El Sector Ganadero",Victor Leyan Martínez,,0.0,Agropecuaria,,
Id14I10378,2014,Reproduccion Robotizada De Elementos Estructurales Y Ornamentales De Geometria Compleja Para La Rest Auracion Y Rehabilitacion Del Patrimonio Arquitectonico Chileno En Madera.,Luis Gonzalez Bohme,,0.0,Infraestructura,,
Id14I10379,2014,Peritaje Antropologico Para La Defensa Penal En Contextos De Diversidad Cultura,Marcelo Berho Castillo,,0.0,Educacion Y Ciencias Sociales,,
Id14I10384,2014,"Litorales Dinamicos. Modelo De Simulacion De Escenarios (Mse) Para La Gestion En Areas Litorales: E Tapa 1, Laboratorio Territorial Estuario Del Rio Maullin",Lorenzo Andrade Delgado,,0.0,Educacion Y Ciencias Sociales,,
Id14I10388,2014,Desarrollo De Tecnologias Para Mejorar La Experiencia De Compra De Los Clientes En Un Ambiente Multi Canal,Marcel Goic Figueroa,,0.0,Educacion Y Ciencias Sociales,,
Id14I10435,2014,Sistematizacion De Componentes No Estructurales Para Vivienda De Emergencia,Miguel Galvez Huerta,,0.0,Infraestructura,,
Id14I10437,2014,"Desarrollo De Elastomeros Con Mejores Propiedades Mecanicas Y De Resistencia Al Desgaste Abrasivo, M Ediante Reforzamiento Y Control De La Cinetica De Vulcanizacion, Para Su Aplicacion En La Industria Minera",Alvaro Maldonado Mendoza,,0.0,Mineria,,
Ca13I10166,2013,Desarrollo De Un Proceso Para La Obtención De Juglona Desde Residuos De Industria Procesadora De Nue Z Común,Maria Zuñiga Hansen,,0.0,Agropecuaria,,
Id14I10452,2014,"Desarrollo De Un Prototipo De Celdas De Combustible De Oxido Solido Soportada Sobre Anodos Mini Tubu Lares De Ni Gdc, Como Fuente De Energia Industrialmente Viable.",Mangalaraja Ramalinga Viswanathan,,0.0,Energia Y Aguas,,
Ca13I10117,2013,Desarrollo De Un Nuevo Bactericida Para El Control De Peste Negra Del Nogal (Xanthomonas Arborícola Pv. Juglandis) A Través De La Utilización De Bacteriófagos,Jaime Romero Ormazabal,,0.0,Agropecuaria,,
Id16I10272,2016,Desarrollo De Un Kit Para La Detección Precoz Del Plateado De Los Frutales,Rene France Iglesias,,0.0,Agropecuaria,,
It14I10037,2014,Desarrollo De Un Sistema De Cultivo Hibrido De Producción De Biomasa Microalgal De Calidad .Premium. Para La Industria Acuícola Y Agrícola Utilizando Aguas Residuales En Zonas Costeras Desérticas,Claudia Sepulveda Vega,,0.0,Pesca Y Acuicultura,,
It14I10044,2014,Aprender A Leer Jugando: Diseño Y Evaluación De Actividades Lúdicas Basadas En Tabletas Digitales Pa Ra La Estimulación Del Aprendizaje Lector En Niños Y Niñas Con Síndrome De Down.,Ricardo Rosas Diaz,,0.0,Educacion Y Ciencias Sociales,,
It14I10055,2014,Desarrollo Y Optimización De Equipos Para La Combustión De Biomasa Granular Con Bajas Emisiones De Uso Domiciliario,Carlos Torres Fuchslocher,,0.0,Energia Y Aguas,,
It14I10067,2014,Paquete Tecnológico Para Producir Dha+Epa A Partir De Microalgas,Ximena Petit-Breuilh Sepulveda,,0.0,Pesca Y Acuicultura,,
It14I10086,2014,Sistema De Gestión De Riesgos Agroclimáticos Para La Adaptación A Nuevos Escenarios Climáticos,Fernando Santibañez Quezada,,0.0,Energia Y Aguas,,
It14I10099,2014,Kimgen Lab: Laboratorio Virtual De Riesgos Naturales De Chile,Fernando Peña Cortes,,0.0,Educacion Y Ciencias Sociales,,
It14I10100,2014,Development Of An Integrative Strategy For The Genetic Improvement Of The Resistance Against Salmon Rickettsial Syndrome (Piscirickettsia Salmonis) In Salmonid Species Using Molecular Information,Jose Yañez López,,0.0,Pesca Y Acuicultura,,
Ca12I10054,2012,Desarrollo De Un Fungicida Producido A Partir De Residuos De La Industria Vitivinícola Contra El Hongo Fitopatógeno Botrytis Cinerea,Milena Cotoras Tadic,,0.0,Agropecuaria,,
It14I10105,2014,Desarrollo De La Tecnología De Cultivo De Durvillaea Antarctica En Hatchery Y Evaluación De Técnicas De Repoblamiento De Juveniles En Áreas De Manejo,Alfonso Gutierrez Venegas,,0.0,Pesca Y Acuicultura,,
It14I10120,2014,Servilización Del Sistema Mafa Para Jardines Infantiles Públicos Del Territorio Nacional: Implementa Ción De Comunidades Pedagógicas Basadas En El Modelamiento Del Ambiente Físico De Aprendizaje,Cynthia Adlerstein Grimberg,,0.0,Educacion Y Ciencias Sociales,,
It14I10126,2014,Desarrollo Tecnologico En La Fijacion Y Asentamiento De Carposporas De Chondracanthus Chamissoi Un Alga Comestible Del Sur De Chile,Marcela Avila Lagos,,0.0,Pesca Y Acuicultura,,
It14I10132,2014,Empaquetando Y Transfiriendo Un Sistema De Monitoreo De Convivencia Escolar Al Programa De Sistema P Ublico Habilidades Para La Vida De Junaeb,Veronica Lopez Leiva,,0.0,Educacion Y Ciencias Sociales,,
Id15I10014,2015,Polyastax: Poliploidización Artificial Como Herramienta Biotecnológica Para Incrementar El Rendimien To De Astaxantina De La Microalga Haematococcus Pluvialis,Rene Le Feuvre Salas,,0.0,Pesca Y Acuicultura,,
Id15I10017,2015,Clases Públicas Stem Integradas,Roberto Araya Schulz,,0.0,Educacion Y Ciencias Sociales,,
Id14I10192,2014,"Desarrollo De Un Fungicida Natural Para El Control De La Pudricion Gris, Basado En Metabolitos Termo Estables Producidos Por Un Hongo Del Genero Clonostachys.",Ruben Polanco Oteíza,,0.0,Agropecuaria,,
Ca13I10282,2013,Desarrollo De Un Fitofármaco Para Control De Nematodos Gastrointestinales En Sistemas De Producción De Pequeños Rumiantes.,Carlos Luders Post,,0.0,Agropecuaria,,
Id15I10067,2015,Diseño Y Validación Inicial De Una Batería Adaptativa Informatizada Para La Evaluación De Procesos I Mplicados En La Lectura Y Comprensión De Textos.,Diana Martella -,,0.0,Educacion Y Ciencias Sociales,,
Id15I10069,2015,"Mejoramiento Del Rendimiento, Poder Espesante Y Viscosidad Del Agar Proveniente Del Alga Gracilaria Chilensis, Mediante Nuevas Aplicaciones Técnológicas Y Optimización Del Proceso De Extracción",Ninon Rojas Borquez,,0.0,Manufactura,,
Id15I10080,2015,Péptidos Autoantigénicos Presentados Por Células Dendríticas Tolerogénicas: Una Terapia Personalizad A Para Reinstruir El Sistema Inmune De Pacientes Con Artritis Reumatoide,Juan Aguillon Gutierrez,,0.0,Salud,,
Id15I10082,2015,Desarrollo De Modelos Para La Optimización De Las Zonas De Reparto De Correspondencia Y Paquetería,Eduardo Álvarez Miranda,,0.0,Educacion Y Ciencias Sociales,,
Id15I10086,2015,.Equipo De Tratamiento De Aguas Para La Remoción De Arsénico Mediante Nanomateriales Y Energía Solar (Solarsenic).,Andreina Garcia Gonzalez,,0.0,Energia Y Aguas,,
Id14I10050,2014,Desarrollo De Un Biomarcador En Sangre Como Indicador De La Funcion Metabolica Inmune En Vacas Leche Ras,Maria Hidalgo Gomez,,0.0,Agropecuaria,,
Id15I10100,2015,Desarrollo De Un Fitofarmaco Promotor De La Cicatrización En Peces,Katherina Fernández Elgueta,,0.0,Pesca Y Acuicultura,,
Id15I10104,2015,Desarrollo De Cubiertas Vegetales De Edificios Para La Mitigación De La Contaminación Atmosférica Ur Bana A Través De La Captura De Material Particulado En Clima Semiárido,Sergio Vera Araya,,0.0,Energia Y Aguas,,
Id15I10105,2015,Pigmentos Naturales De Alto Desempeño: Una Alternativa Ecológica En La Manufactura De Telas De Alta Calidad,Angela Machuca Herrera,,0.0,Manufactura,,
Id17Al0035,2017,Desarrollo De Un Biocontrolador Probiótico Para El Manejo Del Tizón Tardío De La Papa (Phytophthora Infestans),Erica Castro Inostroza,,0.0,Agropecuaria,,
Id15I10132,2015,Generación Chp A Pequeña Escala: Mejoramiento Catalítico De Los Productos De Gasificación De Biomasa,Mauricio Flores Ruiz,,0.0,Energia Y Aguas,,
Id14I10370,2014,Desarrollo De Un Aditivo Natural Basado En Corteza De Pino Para El Incremento De La Eficiencia Nutri Cional De Rumiantes,Jorge Avila Stagno,,0.0,Agropecuaria,,
Id15I10152,2015,"Tapsol: Transformación, Acumulación Y Producción De Calor Y Frío Mediante Energía Solar",Vladimir Chibizov Chibizov,,0.0,Energia Y Aguas,,
Id15I10173,2015,Desarrollo De Biofármaco Recombinante Para El Tratamiento De Tumores Sólidos,Oliberto Sanchez Ramos,,0.0,Salud,,
Id15I10178,2015,"Desarrollo De Soluciones Tecnológicas Para La Conservación, Recuperación Y Producción De Recursos Ge Néticos Requeridos Por El Sector Bovino De Leche",Lleretny Rodriguez Alvarez,,0.0,Agropecuaria,,
It14I10013,2014,Desarrollo De Pomos Intramamarios En Base A Aloe Barbadensis Miller Y Antibióticos De Uso Común En T Erapia De Mastitis Clínica Bovina Que Permitan Disminuir Las Dosis Los Períodos De Resguardo Y El Desarrollo De Resistencia Bacteriana A Estos Fármacos,Betty San Martin Nuñez,,0.0,Agropecuaria,,
Id15I10211,2015,Desarrollo De Un Adsorbente Híbrido Para La Remoción Selectiva De Arsénico,Bruno Urbano Cantillana,,0.0,Energia Y Aguas,,
Id15I10234,2015,Obtención De Un Nanorefuerzo A Partir De Una Arcilla Natural Para Su Aplicación En Reforzamiento De Compuestos De Caucho,Juan Quijada Abarca,,0.0,Manufactura,,
Id15I10235,2015,Desarrollo Y Diseño De Mezclas Asfálticas De Mayor Eficiencia Energética Y Bajo Impacto Ambiental,Gonzalo Valdes Vidal,,0.0,Infraestructura,,
Id15I10247,2015,"Desarrollo De Catalizadores De Bajo Costo A Partir De Residuos Industriales Para La Producción De Ga S Natural Sintético,Sng.",Ximena Garcia Carmona,,0.0,Energia Y Aguas,,
Id15I10254,2015,Hipovirulencia: Biotecnología Para El Control Del Cancro Revirado Del Pino (Neonectria Fuckeliana) E N Plantaciones De Pinus Radiata.,Priscila Moraga Suazo,,0.0,Forestal,,
Id15I10264,2015,Desarrollo De Habilidades Digitales A Través De Un Sistema De Diseño Y Gestión De Tareas Escolares B Asadas En La Resolución De Problemas De Información Y Comunicación En Internet Para Docentes .,Juan Hinostroza Scheel,,0.0,Educacion Y Ciencias Sociales,,
Id15I10271,2015,"Investigación Y Desarrollo De Marcadores Moleculares Para La Gestión Sustentable De Las Pesquerías D El Recurso Almeja Venus Antiqua, Mediante Estimación Del Tamaño Efectivo Poblacional Y El Diagnóstic De La Estructura Poblacional",Marcela Astorga Opazo,,0.0,Pesca Y Acuicultura,,
Id15I10277,2015,Desarrollo De Un Modelo De Atención Para Personas Con Hipertensión Arterial Y Diabetes Tipo Ii Basad O En Gestión Del Cuidado Según Ajuste De Riesgo,Fernando Poblete Arrue,,0.0,Salud,,
Id15I10284,2015,Radiología Cuantitativa: Reportes Cuantitativos De Grasa Abdominal Total,Sergio Uribe Arancibia,,0.0,Salud,,
Id15I10285,2015,Novedosa Estrategia Farmacológica Para Prevenir El Daño Por Reperfusión En La Angioplastia Coronaria Aplicada Al Infarto Agudo De Miocardio,Ramon Rodrigo Salinas,,0.0,Salud,,
Id15I10291,2015,Nueva Tecnología Para Aumentar La Recuperación De Agua En Plantas Concentradoras De Minerales De Cob Re,Fernando Betancourt Cerda,,0.0,Mineria,,
Id15I10312,2015,Desarrollo De Materiales Nano Piezoeléctricos Para La Generación De Energía Eléctrica Renovable No C Onvencional (Ernc) A Partir De Vibraciones Mecánicas Disponibles En El Medioambiente,Venkata Surya Ramam Koduri,,0.0,Energia Y Aguas,,
Id15I10313,2015,"Desarrollo De Algoritmos De Agrupamiento Socio-Espacial Para Develar Dinámicas Urbanas A Partir De D Atos En Tiempo Cuasi-Real No-Convencionales En La Planificación, Gestión Y Monitoreo De La Ciudad",Horacio Samaniego Salinas,,0.0,Educacion Y Ciencias Sociales,,
Id15I10320,2015,Determinación De Factores Que Inducen La Maduración En Reproductores De Las Algas Rojas Chondracanth Us Chamissoi Y Callophyllis Variegata: Suministro Controlado De Esporas Para El Cultivo Comercial,Cristian Bulboa Contador,,0.0,Pesca Y Acuicultura,,
Id15I10321,2015,Desarrollo De Celdas Solares De Capa Fina De Última Generación Basadas En Semiconductores Dopados Co N Carbono,Juan Matos Lale,,0.0,Energia Y Aguas,,
Id15I10324,2015,Optimización De Curva De Potencia De Turbinas Eólicas De Baja Potencia Basado En Un Sistema Mecatron Ico De Control De Pitch,Renato Hunter Alarcon,,0.0,Energia Y Aguas,,
Id15I10333,2015,"Desarrollo De Una Formulación Dermatológica Natural Con Actividad Fotoprotectora, Antioxidante, Anti Inflamatoria Y Reparadora, En Base A Extractos Derivados De Microalgas",Patricia Gomez Vergara,,0.0,Salud,,
Id15I10337,2015,Development Of A Convergent Beam Of X-Photon Prototype . Adaptable To A Clinac For Application In Radiotherapy And Radiosurgery,Rodolfo Figueroa Saavedra,,0.0,Salud,,
Id15I10339,2015,Evaluación De Algas Pardas De Importancia Económica Mediante El Uso De Imágenes Multiespectrales,Alvaro Pacheco Hodges,,0.0,Pesca Y Acuicultura,,
Id15I10348,2015,Firefly: Dispositivo Móvil Inmerso Y Emisor De Luz En Longitudes De Onda E Intensidades Específicas Para Cultivos Fotosintéticos,Cesar Saez Navarrete,,0.0,Pesca Y Acuicultura,,
Id15I10349,2015,Desarrollo De La Rana Xenopus Laevis Como Un Modelo Animal Para Uso En Ensayos Preclínicos,Juan Larrain Correa,,0.0,Salud,,
Id15I10353,2015,Produccion De Biofloc Estable Y Su Aplicabilidad En La Acuicultura A Pequeña Escala En Zonas Aridas,Maria Morales Suazo,,0.0,Pesca Y Acuicultura,,
Id15I10365,2015,Evaluación Del Estado Sanitario De Los Mitílidos Del Sur De Chile.,Karin Lohrmann Sheffield,,0.0,Pesca Y Acuicultura,,
Id15I10373,2015,"Evaluación Preclínica De Una Vacuna Intranasal Contra Streptococcus Pyogenes, El Agente Causante De Faringo-Amigdalitis, Fiebre Reumática Y Fasceítis Necrotizante",Aniela Wozniak Banchero,,0.0,Salud,,
Id15I10379,2015,Tecnología Para La Producción De Materiales Con Capacidad De Aislación Térmica Y Acústica Que Incorp Oran Agentes Atenuadores De Radiación Infrarroja,Luis Bobadilla Moreno,,0.0,Infraestructura,,
Id15I10387,2015,Desarrollo De Malla Eficiente Para Atrapanieblas,Jacques Dumais,,0.0,Manufactura,,
Id15I10402,2015,"Reproducción En Ostra Chilena (Ostrea Chilensis): Factores Físicos Y Hormonales Como Herramienta Par A La Determinación De Sexo, Madurez E Inducción Al Desove En Reproductores. Aplicación Para Cultivo N Sistema Controlado",Rene Vega Albistur,,0.0,Pesca Y Acuicultura,,
Ca13I10322,2013,Desarrollo De Nuevos Envases Antimicrobianos Para Alimentos Basados En Nanoparticulas Activables Al Momento De Envasar,Julio Bruna Bugueño,,0.0,Agropecuaria,,
Id15I10425,2015,Fachada Variable: Solución De Fachada Dinámica En Base A Patrones De Movimiento Coordinados Para El Control Solar Y Lumínico Aplicable En Santiago De Chile,Claudio Vasquez Zaldívar,,0.0,Infraestructura,,
Id15I10461,2015,"Desarrollo De Un Nuevo Sistema Adhesivo De Bajas Emisiones De Formaldehído, Alta Performance Mecánic As Y Durabilidad Para La Fabricación De Tableros Mdf",William Gacitua Escobar,,0.0,Manufactura,,
Id15I10468,2015,Desarrollo De Tecnologías Para La Admisión Escolar,Rafael Epstein Numhauser,,0.0,Educacion Y Ciencias Sociales,,
Id15I10475,2015,Desarrollo De Un Metodo Integrado De Medicion De Las Propiedades Biomecanicas De Celulas Vivas Y Bio Materiales: Una Nueva Aproximacion Para Evaluar Biocompatibilidad,Nelson Barrera,,0.0,Manufactura,,
Id15I10487,2015,Desarrollo De Una Tecnología Anti-Incrustante Utilizando Un Campo Magnético Estático Para El Control Del Biofouling En Tuberías Utilizadas En El Transporte De Agua De Mar Para Uso Industrial,Manuel Zapata Arcos,,0.0,Energia Y Aguas,,
Id15I10489,2015,Innovación Y Ajustes A La Tecnología De Cultivo De Trucha Fario (Salmo Trutta) Para La Producci On De Trofeos Recreativos Con Fines De Repoblamiento,Javier Marin Flores,,0.0,Pesca Y Acuicultura,,
Id15I10496,2015,Desarrollo De Materiales De Cambio De Fase Para Almacenamiento Térmico De Energía A Baja Temperatura,Alex Berg Gebert,,0.0,Energia Y Aguas,,
Id15I10500,2015,Desarrollo De Un Prototipo De Protector Solar A Base De Nanoestructuras Núcleo-Coraza (Core-Shell) D E Zno-Ceo2 Y Ceo2-Zno Para El Cuidado De La Piel,Mangalaraja Ramalinga Viswanathan,,0.0,Manufactura,,
Id15I10518,2015,Seguimiento De Peces Marcados Como Base De Información Científica Para La Formulación De Planes De R Anching En Chile. Aplicación: El Caso De Robalo (Eleginops Maclovinus) En El Estuario,Alberto Medina Aguilera,,0.0,Pesca Y Acuicultura,,
Id17I10094,2017,"Desarrollo De Formulaciones Para El Control Eficiente De Aislados Resistentes De Botrytis Cinerea, B Asados En Extractos Y Metabolitos Bioactivos De Canelo Incorporados En Nanoagregados Poliméricos: Ev Aluación Pre-Comercial En Uva De Mesa",Andrés Olea Carrasco,,0.0,Agropecuaria,,
Id15I10541,2015,Desarrollo De Sensores Hall Ultrasensibles Para Detecciones Varias En Minería,Dora Altbir Drullinsky,,0.0,Mineria,,
Id15I10545,2015,Ingeniería Aplicada Para Diseño Y Producción De Prótesis Coronarias Celularizadas De Pequeño Calibre,Juan Acevedo Cox,,0.0,Manufactura,,
Ca12I10008,2012,"Desarrollo De Formulaciones Farmacéuticas En Base A Aloe Vera (Aloe Barbadensis Miller) Y Antimicrob Ianos De Uso Habitual En Sistemas Intensivos De Producción Animal, Que Permitan Disminuir Las Dosis Y Los Periodos De Carencia De Estos Fármacos",Betty San Martin Nuñez,,0.0,Agropecuaria,,
Id15I10560,2015,Plataforma De Apoyo A La Gestión De Emergencia Y Aplicaciones,Mauricio Marin Chaihuan,,0.0,Tecnología De La Información Y Comunicaciones,,
Id15I10576,2015,Desarrollo De Recubrimientos En Base A Grafeno Y Sus Derivados Para Controlar La Biocorrosión En Duc Tos Metálicos Utilizados Para El Transporte De Líquidos En La Industria Minera,Carolina Parra Gonzalez,,0.0,Mineria,,
Id15I10580,2015,Investigación Y Optimización De La Producción De Pellets Hidrofóbicos De Alta Densidad Energética A Través De La Carbonización Hidrotérmica De Diferentes Mezclas De Biomasa De Relevancia Nacional,Luis Diaz Robles,,0.0,Energia Y Aguas,,
Id15I10582,2015,"La Almeja Juliana, Tawera Gayi, Una Nueva Especie Para La Acuicultura De Pequeña Escala: Desarrollo De Tecnología Para El Cultivo Larval Y Postlarval",Doris Oliva Ekelund,,0.0,Pesca Y Acuicultura,,
Id15I10583,2015,Desarrollo De Compositos Sólidos A Base De Tripol/Partículas De Madera Para Fabricar Tableros De Par Tículas Libres De Formaldehído Para El Mercado De La Construcción Verde.,Nazmy Reyes Velasquez,,0.0,Manufactura,,
Id14I10312,2014,"Desarrollo De Agropecuaria Para Adultos Mayores, Enriquecidos Con Acidos Grasos Poliinsatur Ados De Cadena Larga (Lcpufas) De La Familia Omega 3, Derivados De Microalgas",Patricia Gomez Vergara,,0.0,Agropecuaria,,
Id15I10592,2015,Plataforma Computacional Para La Programación De La Operación De Sistemas Eléctricos En Tiempo Conti Nuo Basado En Representación Pseudo-Espectral De Chebyshev,Rodrigo Moreno Vieyra,,0.0,Tecnología De La Información Y Comunicaciones,,
Id15I10598,2015,Evaluación Del Rol De La Luz Y El Fotoperiodo Sobre La Reproducción Del Congrio Colorado Genypterus Chilensis Y Del Congrio Dorado Genypterus Blacodes En Condiciones De Cultivo En El Sur De Chile,Juan Uribe Barichivic,,0.0,Pesca Y Acuicultura,,
Id15I10600,2015,Bases Para El Desarrollo De Un Modelo Tecnológico Para La Detección Y Monitoreo De Didymosphenia Gem Inata (Didymo) En Sistemas Acuáticos Del Centro-Sur De Chile Mediante Herramientas De Teledetección,David Figueroa Hernandez,,0.0,Pesca Y Acuicultura,,
Id15I10601,2015,Sistema Óptico-Digital Para Reconocimiento De Especies Y Número De Semillas En Los Colectores De Mi Tilidos,Juan Staforelli Vivanco,,0.0,Pesca Y Acuicultura,,
Id14I10352,2014,Desarollo De Productos Carnicos Saludables Mediante La Tecnologia De Emulsiones Multiples,Begoña Gimenez,,0.0,Agropecuaria,,
Id15I10623,2015,Desarrollo De Sensores Ópticos Terrestres Y Aéreos A Bordo De Uavs Para El Monitoreo De Albedo En Gl Aciares,Gino Casassa Rogazinski,,0.0,Tecnología De La Información Y Comunicaciones,,
Id15I10647,2015,Pedagogías Y Culturas De Convivencia Para La Formación Integral E Inclusiva: Medidas Simples Para U Na Reforma Compleja,Viviana Gómez Nocetti,,0.0,Educacion Y Ciencias Sociales,,
It15I10001,2015,Sistema De Soporte De Decisiones Para La Evaluación Del Peligro Por Tsunamis,Patricio Catalan Mondaca,,0.0,Tecnología De La Información Y Comunicaciones,,
It15I10002,2015,Enseñanza Y Evaluación De La Escritura Mediante Una Plataforma Tecnológica Colaborativa,Carmen Sotomayor Echenique,,0.0,Educacion Y Ciencias Sociales,,
Id17Al0056,2017,Control Y Disminución De Metales En Hortalizas Cultivadas En La Región De Valparaíso A Través Del Us O De Enmiendas,Alexander Neaman .,,0.0,Agropecuaria,,
It15I10010,2015,La Geografía De La Educación: Una Plataforma De Inteligencia Territorial Para Apoyar La Implementaci Ón Y Gestión De Nuevas Políticas Públicas En Educación,Patricio Rodriguez Valdes,,0.0,Educacion Y Ciencias Sociales,,
Id17Al0028,2017,Consorcio Biológico Pucv-Vbl Para El Control De Hongos En Postcosecha De Uvas Para Exportación.,Ximena Besoain Canales,,0.0,Agropecuaria,,
It15I10021,2015,Akori Ii - Plataforma De Análisis De Preferencias Y Extrapolación Del Comportamiento De Usuarios Web A Partir De Patrones De Exploración Visual Y Herramientas Avanzadas De Brain Informatics For Web In Telligence,Juan Velasquez Silva,,0.0,Tecnología De La Información Y Comunicaciones,,
It15I10027,2015,Implementación De Un Sistema De Apoyo Al Monitoreo De La Sismicidad Del Volcán Llaima,Fernando Huenupan Quinan,,0.0,Tecnología De La Información Y Comunicaciones,,
It15I10028,2015,Modelo De Manejo Integral Para La Sustentabilidad De Las Pesquerías Bentónicas De La Zona Sur De Chi Le: 1.- Pesquería De Almeja (Venus Antiqua),Hector Bustos Rojas,,0.0,Pesca Y Acuicultura,,
It15I10033,2015,"Desarrollo De Harina De Microalgas De Bajo Costo Y Elevado Contenido De Omega-3 Del Tipo Epa, Para Ser Utilizado Como Suplemento Alimenticio En La Industria Acuícola.",Jazmin Bazaes Donoso,,0.0,Pesca Y Acuicultura,,
It15I10036,2015,Desarrollo De Una Plataforma Para El Diagnóstico De La Comprensión Lectora Y Orientaciones Para La I Ntervención Pedagógica,Bernardo Riffo Ocares,,0.0,Educacion Y Ciencias Sociales,,
It15I10037,2015,Integración Industrial De Dispositivos De Protección Sísmica En Estanques De Acero Inoxidable Y Reco Mendaciones De Análisis Y Diseño,Jose Almazan Campillay,,0.0,Infraestructura,,
It15I10041,2015,Implementación De Herramientas Y Procesos Del Observatorio Virtual Chileno,Mauricio Solar Fuentes,,0.0,Tecnología De La Información Y Comunicaciones,,
It15I10042,2015,Autenticación De Vino Con Información Electronica,Trung Pham Tat,,0.0,Tecnología De La Información Y Comunicaciones,,
Id15I10611,2015,Concentración De Extractos Fenólicos Y Purificación De Hidroxitirosol A Partir De Riles De La Indust Ria Olivícola Utilizando Perstracción,Andrea Plaza Ramirez,,0.0,Agropecuaria,,
It15I10050,2015,Respuesta Automatizada Para Inteligencia En Despachos Online (Rapido),Fernando Ordóñez Pizarro,,0.0,Tecnología De La Información Y Comunicaciones,,
It15I10053,2015,"Diseño Y Validación De Una Herramienta Tecnológica Para La Pesquisa De Sarcopenia En Adultos Mayores (Am), Para Su Uso En El Nivel Primario De Atención De Salud.",Lydia Lera Marques,,0.0,Salud,,
It15I10066,2015,Producción De Semillas De Concholepas Concholepas Incorporando Protozooplancton Nativo En Fase De Cu Ltivo Larval,Mario Lody Cortes,,0.0,Pesca Y Acuicultura,,
It15I10070,2015,Sistema De Detección Y Clasificación Mineralógica Rápida Basado En Análisis Híper Espetral,Martin Adams,,0.0,Mineria,,
It15I10073,2015,Desarrollo Y Validación De Biopintura Anti-Incrustante Ambientalmente Inocua Para El Sector Acuícola,Homero Urrutia Briones,,0.0,Pesca Y Acuicultura,,
It15I10074,2015,Sistema De Diagnóstico Y Selección Para Favorecer La Permanencia En La Educación Superior De Estudia Ntes Provenientes De Establecimientos Altamente Vulnerables,Claudia Zuniga Rivas,,0.0,Educacion Y Ciencias Sociales,,
It15I10079,2015,Plataforma De Juegos Digitales Para La Medición De Las Disposiciones A La Cooperación Para La Conviv Encia Escolar,Carlos Rodriguez Sickert,,0.0,Educacion Y Ciencias Sociales,,
It15I10081,2015,Desarrollo Y Manufactura De Aspas De Turbinas Eólicas De Baja Potencia Para Vientos Clase Tipo I-Ii,Renato Hunter Alarcon,,0.0,Manufactura,,
It15I10085,2015,Integración Óptima De Energía Solar En La Planificación Y Operación De Sistemas De Transporte Públic O Urbano Ferroviario,Jorge Amaya Arriagada,,0.0,Tecnología De La Información Y Comunicaciones,,
It15I10086,2015,Desarrollo Y Transferencia De Modelos De Plantaciones Productivas De Quillay En Base A Material Mejo Rado Para La Industria De Los Extractos,Juan Velozo Soto,,0.0,Forestal,,
Id16I10001,2016,Resisitividad De Alambres Nanométricos De Cobre,Raul Muñoz Alvarado,,0.0,Manufactura,,
Id16I10005,2016,Membranas Nanocompósitas Para Nanofiltración,Guillermo Gonzalez Moraga,,0.0,Energia Y Aguas,,
Id16I10013,2016,Desarrollo De Un Kit Multilocus Para Llevar A Cabo La Identificación De Especies De Mejillones Para Apoyar La Trazabilidad De Este Recurso,María Larraín Barth,,0.0,Pesca Y Acuicultura,,
Id16I10017,2016,Desarrollo De Un Sistema De Screening De Alto Rendimiento (Hts) Para La Identificación De Inhibidore S Específicos De La Expresión Génica De Vih-1,Ricardo Soto Rifo,,0.0,Salud,,
Id16I10018,2016,Al Recate De La Ostra Nativa Chilena (Ostrea Chilensis): Generación De Líneas Mejoradas Genéticament E Para Potenciar El Crecimiento Y Capacidad De Detoxificación Con Vpm (Marea Roja Paralítica),Jorge Toro Yagui,,0.0,Pesca Y Acuicultura,,
Id16I10027,2016,"Desarrollo, Producción Y Caracterización De Anticuerpo Recombinante Humano Contra Mic-A Con Potencia L Terapéutico Para El Tratamiento De Cáncer Gástrico",Maria Molina Sampayo,,0.0,Salud,,
Id16I10031,2016,"Desarrollo De Modelo De Gestión Integral Para La Inclusión Sustentable De Mujeres En Industrias Masc Ulinizadas -La Minería En Chile-, Basado En Sistema De Alerta Temprana De Barreras De Género Y Proto Tipo De Intervención",Pamela Caro Molina,,0.0,Educacion Y Ciencias Sociales,,
Id16I10038,2016,Desarrollo De Un Tratamiento Farmacológico Para La Prevención De Las Infecciones Recurrentes Por Clo Stridium Difficile,Daniel Paredes Sabja,,0.0,Salud,,
Id16I10045,2016,Diseño De Consorcios Microbianos Para El Tratamiento De Enfermedades Inflamatorias Del Intestino,Daniel Garrido Cortes,,0.0,Salud,,
Id16I10048,2016,Preparación Y Caracterización De Metamateriales Magnéticos Para Detección Remota De Tensiones En Neu Máticos,Carlos Garcia,,0.0,Mineria,,
Id16I10060,2016,Desarrollo Y Evaluación De Un Modelo De Intervención Basado En Tecnologías De La Información Y De La Comunicación (Tics) Para Reducir El Riesgo De Suicidio Adolescente En Establecimientos Educacionale S De La Rm Y La Vi Región,Ruben Alvarado Muñoz,,0.0,Educacion Y Ciencias Sociales,,
Id16I10090,2016,Habilidades Y Competencias Para La Educación Superior. Desarrollo De Instrumentos Y Propuestas Que A Porten A Un Nuevo Sistema De Admisión,Maria Varas Scheuch,,0.0,Educacion Y Ciencias Sociales,,
Id16I10092,2016,Produccion De Caviar De Lisa (Mugil Cephalus) Como Un Nuevo Producto Comercial En Chile Y Evaluación Biológica Y Técnica Del Cultivo.,Ariel Valenzuela Saldias,,0.0,Pesca Y Acuicultura,,
Id16I10101,2016,Nueva Terapia Farmacológica Para El Tratamiento De Sarcopenia Y Distrofias Musculares. Prueba De Con Cepto.,Mariana Casas Atala,,0.0,Salud,,
Id16I10105,2016,Red Multisensorial Distribuida Para La Evaluación Del Recurso Eólico Sobre Terreno Complejo Con Sond As Aerotransportadas Y Georreferenciadas,Alex Flores Maradiaga,,0.0,Energia Y Aguas,,
Id16I10114,2016,Sistema De Drones Colaborativos Y Visión Multimodal Para El Monitoreo Automatizado De Incendios Fore Stales,Marcos Zuñiga Barraza,,0.0,Tecnología De La Información Y Comunicaciones,,
Id16I10119,2016,Metodologías Innovadoras Para La Formación Inicial De Profesores De Educación Básica En Matemática: Modelo Basado En Prácticas Efectivas De Aula Y Tecnologías De La Información,Salome Martinez Salazar,,0.0,Educacion Y Ciencias Sociales,,
Id16I10122,2016,Diseño De Una Plataforma Para La Implementación De Convenios Marco Competitivos,Marcelo Olivres Acuña,,0.0,Educacion Y Ciencias Sociales,,
Id16I10128,2016,"Modelo De Evaluación De Impacto Regional (Meir-Ecogem) De Políticas Públicas E Inversiones Sectorial Es En Los Ámbitos Económico, Social Y Ambiental",Raul Oryan Gallardo,,0.0,Educacion Y Ciencias Sociales,,
Id16I10136,2016,"Reducción Significativa Del Uso De Agua En Plantas De Procesamiento De Minerales Vía El Diseño De Un A Nueva Celda De Flotación Basada En Tecnologías No Convencionales Del Tipo ""Hidrociclón-Magnético"".",Gonzalo Montes Atenas,,0.0,Mineria,,
Id16I10140,2016,Formulación De Proteínas Quiméricas Como Estrategia Para El Desarrollo De Una Nueva Vacuna Contra Es Cherichia Coli Productor De Shiga Toxina (Stec),Roberto Vidal Alvarez,,0.0,Salud,,
Id16I10141,2016,Desarrollo De Una Variante Mejorada De La Proteína Muts Para Su Aplicación En La Industria Biotecnol Ógica,Francisco Melo Ledermann,,0.0,Salud,,
Id16I10142,2016,Desarrollo Y Validación Inicial De Estudios De Permeabilidad Por Técnicas In Situ E In Vitro: Aplica Ción Al Estudio Del Efecto De Excipientes Sobre La Absorción De Fármacos En El Marco De Las Bioexenc Iones,Pablo Gonzalez Cisterna,,0.0,Salud,,
Id16I10145,2016,Desarrollo De Un Prototipo De Ensayo De Inhibición De La Enzima Proteína Fosfatasa 2A De Mytilus Par A La Detección Y Cuantificación De Toxinas Diarreicas En Muestras De Extractos De Mariscos Y Conserv As.,Edio Maldonado Maldonado,,0.0,Pesca Y Acuicultura,,
Id16I10148,2016,Desarrollo De Una Vacuna Terapéutica (Thermovax) Contra El Cáncer De Piel,Mercedes Lopez Nitsche,,0.0,Salud,,
Id16I10154,2016,Desarrollo De Un Producto Inductor Que Aumente La Captación De Semillas De Mitilidos,Eduardo Tarifeño Silva,,0.0,Pesca Y Acuicultura,,
Id16I10157,2016,Evaluación Del Potencial De Licuación En Zonas De Subducción,Gonzalo Montalva Alvarado,,0.0,Infraestructura,,
Id16I10159,2016,Desarrollo De Materiales De Alta Densidad Energetica En Base A Litio Para Almacenamiento De Energia Solar,Svetlana Ushak,,0.0,Energia Y Aguas,,
Id16I10185,2016,Desarrollo De Una Formulación Nutraceútica Derivado De Un Extracto Botánico Con Actividades Neuroplá Sticas Y Neuroprotectoras,Francisca Bronfman Cáceres,,0.0,Salud,,
Id16I10186,2016,Evaluación De Recursos Geológicos En Geometrías Complejas.,Nancy Hitschfeld Kahler,,0.0,Mineria,,
Id16I10190,2016,Desarrollo De Recubrimientos Multifuncionales Anticorrosivos Para La Proteccion De Materiales,Manuel Melendrez Castro,,0.0,Manufactura,,
Id15I10589,2015,"Caracterización Y Diseño De Nuevos Biofungicidas Bacterianos Para El Control De La Pudrición Gris De L Racimo En Vides De Mesa Y Viníferas, Causada Por El Hongo Fitopatógeno Botrytis Cinerea",Antonio Castillo Nara,,0.0,Agropecuaria,,
Id16I10206,2016,Sistema De Apoyo A La Toma De Decisiones Para La Cosecha De Frutas Basado En Internet De Las Cosas,Patricio Galeas Echeverria,,0.0,Tecnología De La Información Y Comunicaciones,,
Id16I10210,2016,Sistema Interactivo De Promoción Del Lenguaje Y La Comunicación,Marcela De Lourdes Peña Garay,,0.0,Educacion Y Ciencias Sociales,,
Id16I10214,2016,Sensor De Reacciones Químicas Basado En Diamante,Jeronimo Maze Rios,,0.0,Mineria,,
Id16I10221,2016,Desarrollo De Biosensores Optoelectronicos Y Algoritmos De Correlación Para Cuantificar El Espectro Emitido Por Nanopartículas De Oro Que Detectan La Presencia De Residuos De Antibióticos En Leche Cru Da,Sergio Torres Inostroza,,0.0,Tecnología De La Información Y Comunicaciones,,
Id16I10222,2016,"Observatorio Digital De Delincuencia En Chile: Un Sistema Inteligente De Apoyo A La Industria Automo Triz Chilena, En El Robo De Vehículos Y Accesorios",Richard Weber Haas,,0.0,Tecnología De La Información Y Comunicaciones,,
Id16I10223,2016,Proteostaser-1: Una Terapia Génica Enfocada A Disminuir La Neurodegeneración Y Aumentar La Función C Ognitiva En La Enfermedad De Alzheimer,Claudio Hetz Flores,,0.0,Salud,,
Id16I10228,2016,Vidpaper: Desarrollo De Papeles Y Cartones Utilizando Un Procesamiento Integrado De La Biomasa Resid Ual Vitivinícola.,Juan Elissetche Martinez,,0.0,Manufactura,,
Id16I10244,2016,Desarrollo Biotecnológico De Un Nuevo Recurso Planctónico Como Fuente De Compuestos Bioactivos Para La Industria Acuícola Y Alimentaria,Maria Mata Contreras,,0.0,Pesca Y Acuicultura,,
Id16I10252,2016,Desarrollo De Herramientas Genético-Moleculares En El Recurso Ostra Chilena (Ostrea Chilensis) Para Su Aplicación En Estudios Genéticos Como Base Para El Fortalecimiento De Su Sustentabilidad Y Cultiv O.,Ivonne Lee Montero,,0.0,Pesca Y Acuicultura,,
Id16I10258,2016,Nanoinmunoterapia Para Esclerosis Múltiple: Nueva Estrategia Terapéutica Para La Entrega Directa De Inmunomoduladores En El Sistema Nervioso Central,Rodrigo Naves Pichuante,,0.0,Salud,,
Ca12I10206,2012,"Búsqueda De Biomoduladores De Interés Agronómico Mediante Genómica Química Y Su Evaluación ""Ecotoxicológica""",Lorena Norambuena Morales,,0.0,Agropecuaria,,
Id16I10274,2016,Desarrollo De Un Aditivo Dietario Para Mejorar La Conversión Alimenticia En Salmónidos Alimentados C On Ingredientes Vegetales?,Jurij Wacyk Gonzalez,,0.0,Pesca Y Acuicultura,,
Id16I10278,2016,"Proyecto Vida: Modelo De Visita Domiciliaria Avanzada, Apoyado Por Tecnología, Para El Fortalecimien To De Intervenciones Biopsicosociales Con Gestantes Y Cuidadores Primarios De Niños/As De 0- 6 Años, En El Sistema De Atención Primaria En Salud",Marcela Aracena Alvarez,,0.0,Salud,,
Id16I10286,2016,Peptaram: Peptaiboles Con Propiedades Antibacterianas Contra Bacterias Patógenas Humanas Multiresist Entes,Götz Palfner,,0.0,Salud,,
Id16I10290,2016,Detección Automática De Similitudes Entre Imágenes De Marcas Para Su Registro Y Protección,Claudio Perez Flores,,0.0,Tecnología De La Información Y Comunicaciones,,
Id16I10291,2016,Desarrollo De Una Nueva Estrategia De Prevención Y Control De Mortalidades Causadas Por Vibriosis En Hatcheries De Moluscos Basada En El Uso De Bacteriófagos,Claudio Miranda Perez,,0.0,Pesca Y Acuicultura,,
Id16I10303,2016,"Silla Amomyrtus, Diseño-Dialógico Como Alternativa Sustentable Para El Bosque Siempreverde: Bases Pa Ra Un Modelo De Transferencia Socio-Tecnológica Fundado En Procesos De Selección De Madera Y El Dise Ño Contemporáneo De Objetos Certificables.",Marcos Garcia Alvarado,,0.0,Manufactura,,
Id16I10322,2016,Dispositivo Neuroingenieril Para Mejorar El Control De La Atención De Trabajadores En Minas A Gran A Ltura,Alejandro Weinstein Oppenheimer,,0.0,Tecnología De La Información Y Comunicaciones,,
Id16I10331,2016,"Diseño, Integración, Ensayo Y Caracterización De Un Concepto Experimental De Sistema Híbrido De Conv Ersión De Energía Solar En Energía Eléctrica Y Térmica",Amador Guzman Cuevas,,0.0,Energia Y Aguas,,
Id16I10332,2016,Proceso Biotecnológico Para La Remoción De Sulfato Desde Soluciones Industriales De Operaciones Hidr Ometalúrgicas,Cecilia Demergasso Semenzato,,0.0,Mineria,,
Id16I10341,2016,"Desarrollo De Un Bioherbicida Para El Manejo De Las Malezas Retamilla (Genista Monspessulana), Bautr O (Cytisus Scoparius) Y Ulex (Ulex Europaeus) En Plantaciones Forestales Y En Ecosistemas Naturales.",Eugenio Sanfuentes Von Stowasser,,0.0,Forestal,,
Id16I10344,2016,Desarrollo De Nuevos Alimentos Basados En El Uso De Microalgas Ricas En Dha Y Epa Para La Producción Sustentable De Trucha Arco Iris Enriquecida Con Omega-3 Destinada A Mercados De Calidad Premium,Robert Simpfend Rfer Karow,,0.0,Pesca Y Acuicultura,,
Id16I10350,2016,Modelo De Intervención Educativa Intercultural En Contexto Indígena,Segundo Quintriqueo Millan,,0.0,Educacion Y Ciencias Sociales,,
Id16I10353,2016,Reciclaje De Aluminio: Valorización De Los Residuos Para Aplicaciones Estructurales En Un Proceso Am Bientalmente Amigable,Claudia Carrasco Carrasco,,0.0,Manufactura,,
Id16I10354,2016,Bacterias Endófitas Fijadoras De Nitrógeno: Una Alternativa Innovadora Para Mejorar La Sostenibilida D Y Productividad Forestal,Sofia Valenzuela Aguila,,0.0,Forestal,,
Id16I10358,2016,Dispositivo Catalítico Autónomo Y De Bajo Costo Basado En Cobre Para La Eliminación De Contaminantes En Calefactores A Leña,Sichem Guerrero Ruz,,0.0,Energia Y Aguas,,
Id16I10366,2016,Efecto Radioprotector De Un Novedoso Sistema Inyectable De Dosis Graduable Para La Administración De Un Factor De Crecimiento Dual Contra El Daño Y Deterioro De Glándulas Salivales Tras La Irradiación Gamma En La Región Cabeza Y Cuello,Ziyad Haidar,,0.0,Salud,,
Id16I10369,2016,Ingeniería Genética De Linfocitos T Con Receptores Quiméricos Para El Desarrollo De Inmunoterapias C Ontra El Cáncer,Alvaro Lladser Caldera,,0.0,Salud,,
Id16I10420,2016,Desarrollo De Un Sistema De Medición No-Nuclear En Tiempo Real De La Densidad De Pulpa Mineral En Di Spersiones Aireadas,Miguel Maldonado Saavreda,,0.0,Mineria,,
Id16I10424,2016,Protocolo De Atención Con Pertinencia Cultural A Usuarios Mapuche En Los Tribunales De La Araucanía,Fabien Le Bonniec,,0.0,Educacion Y Ciencias Sociales,,
Id16I10425,2016,Desarrollo De Una Formulación En Base A Polímero Biomimético Para Aminorar El Daño Por Heladas En La Fruticultura,Saddys Rodriguez Llamazares,,0.0,Manufactura,,
Id16I10437,2016,Repoblamiento De Peces De Roca De Alto Valor Comercial Mediante Sistema Sips En Caleta De Pescadores Artesanales En Primera Región Tarapacá Recuperando La Capacidad Extractiva Por Parte De Los Pescado Res Impactando Positivamente Ingresos Y Nivel De Vida,German Bueno Galaz,,0.0,Pesca Y Acuicultura,,
Id16I10449,2016,Sistema Inteligente Para La Gestión Y Análisis De La Dotación De Camas En La Red Asistencial Del Sec Tor Público,Carla Taramasco Toro,,0.0,Tecnología De La Información Y Comunicaciones,,
Id16I10452,2016,Diseño De Un Screening Prenatal Para El Diagnóstico Temprano De Preeclampsia Basado En La Detección Biomarcadores Placentarios Y Endoteliales En Fluidos Orales De Embarazadas,Alejandra Chaparro Padilla,,0.0,Salud,,
Id16I10453,2016,Utilización De Extracto De Olivo Rico En Hidroxitirosol Como Aditivo En La Alimentación De Seriola L Alandi,Carlos Hurtado Ferreira,,0.0,Pesca Y Acuicultura,,
Id16I10465,2016,Desarrollo De Un Equipo De Espectroscopía Laser Aplicado A La Determinación De Elementos Valiosos En Concentrados De Cobre,Jorge Yañez Solorza,,0.0,Mineria,,
Id16I10466,2016,"Plataforma Telemétrica Ciber-Física Automatizada Albergada En La Nube Para El Monitoreo, Control Y P Rotección De Recursos Marinos Usando Análisis Y Procesamiento De Datos Para El Pronóstico De Eventos",Jinsong Wu,,0.0,Tecnología De La Información Y Comunicaciones,,
Id16I10468,2016,"Modelo Participativo De Gestión De Recursos Hídricos En Contextos Isleños: Bases Territoriales Para Desarrollar Procesos De Anclaje De Actores, Modelos Mentales E Imágenes De Futuro Del Agua",Francisco Ther Rios,,0.0,Energia Y Aguas,,
Id16I10475,2016,Caracterización De La Madera De Pinus Radiata D.Don Proveniente De Plantaciones Siniestradas Para La Fabricación De Productos De Alto Valor Agregado,Gerson Rojas Espinoza,,0.0,Forestal,,
Ca13I10239,2013,Brasinoesteroides ¿Una Alternativa O Complemento Para El Uso De Ácido Giberélico Y Otros Reguladores De Crecimiento En La Producción De Uva De Mesa?,Alonso Perez Donoso,,0.0,Agropecuaria,,
Id16I10484,2016,Diseño De Un Sistema De Preservacion De Salmon Fresco Destinado A Exportacion A Partir De Gelatina O Btenida Desde Sub-Productos De La Industria Salmonera,Paulo Diaz Calderon,,0.0,Pesca Y Acuicultura,,
Id16I10500,2016,Desarrollo De Un Test Pronóstico Para Lma Interrogando Por Primera Vez Al Estroma Tumoral,Bruno Nervi Nattero,,0.0,Salud,,
Id16Am0006,2016,El Maltrato Estructural A Las Personas Mayores En Chile. Formulación De Un Índice Multidimensional,Carolina Riveros,,0.0,Adulto Mayor,,
Id16Am0007,2016,Programa Psico-Educativo Transmedial Para Mejorar Adherencia Farmacológica Del Tratamiento Antihiper Tensivo En Adultos Mayores: Proyecto Piloto,Maria Sepulveda Carreño,,0.0,Adulto Mayor,,
Id16Am0046,2016,"Plataforma Informática De Análisis De Variables Médicas Y Psico-Sociales Para La Caracterización, Ca Tegorización Y Monitoreo De Adultos Mayores Con Enfermedades Cerebrales: Una Experiencia Demostrativ A En La Región De Aysén",Juan Velasquez Silva,,0.0,Adulto Mayor,,
Id16Am0074,2016,Vejez Emprendedora: Modelo Dinamizador Comunitario Interinstitucional Para La Autovalencia Y El Bien Estar Subjetivo De Los Adultos Mayores,Ester Fecci Perez,,0.0,Adulto Mayor,,
Id16Am0080,2016,Estimulación Cognitiva Guiada Por Software Previene  El Desarrollo De Delirium En El Adulto Mayor,Eduardo Tobar Almonacid,,0.0,Adulto Mayor,,
Id16Am0082,2016,Uso De Fitonutrientes En El Mejoramiento Funcional De Células Madres Mesenquimáticas Afectadas Por E Nvejecimiento.,Nelson Eduardo Osses Rivera,,0.0,Adulto Mayor,,
It16M10002,2016,Escalamiento Y Desarrollo De Un Prototipo De Biomineralización Aplicada En Minería,Davor Cotoras Tadic,,0.0,Mineria,,
It16M10005,2016,"Desarrollo, Evaluación Y Validación Tecnológica A Escala Semi-Industrial De Un Motor Eléctrico De Al To Rendimiento Para Aumentar La Producción Y Mejorar La Eficiencia Energética En Minería",Juan Tapia Ladino,,0.0,Mineria,,
It16M10006,2016,Tecnologías De Optimización En Gestión De Proyectos Para La Resolución De Problemas De Planificación Minera Estratégica,Eduardo Moreno Araya,,0.0,Mineria,,
It16M10008,2016,Sistema Predictivo De Apoyo A La Gestión De Mantenimiento De Equipamiento Minero Basado En Herramien Tas De Inteligencia Computacional,Gonzalo Acuna Leiva,,0.0,Mineria,,
It16M10012,2016,Supervisión Y Control Optimizante De Relaves Empleando Tecnologías Emergentes,Felipe Núñez Retamal,,0.0,Mineria,,
It16M10014,2016,Barra Intercelda Segmentada Triple Para Electro-Refinación De Cobre,Eduardo Wiechmann Fernandez,,0.0,Mineria,,
It16M10019,2016,Desarrollo De Modelos De Optimización Para La Planificación Minera De Mediano Y Corto Plazo.,Rafael Epstein Numhauser,,0.0,Mineria,,
It16M10021,2016,Caracterización Y Modelamientos Geo Minero Metalúrgicos Predictivos: Camino A La Minería Del Futuro,Brian Townley Callejas,,0.0,Mineria,,
It16M10027,2016,"Obtención De Concentrados De Elementos De Tierras Raras, A Partir De Minerales Prospectados En La Ii I Región De Chile, Mediante La Aplicación De Procesos A Escala Piloto",Pedro Orrego Alfaro,,0.0,Mineria,,
It16M10029,2016,Validación De Un Sistema Optoelectrónico Para El Monitoreo Y Control De La Operación De Hornos De Fu Sión Y Conversión Instantánea En La Pirometalurgia No Ferrosa,Roberto Parra Figueroa,,0.0,Mineria,,
It16M10031,2016,Mapa De La Línea Base Geoquímica Para Suelos En La Comuna De Taltal: LibametMap Services,Arturo Reyes Roman,,0.0,Mineria,,
It16M10041,2016,Abatimiento  De Arsénico En La Industria Del Cobre Utilizando Métodos Biotecnológicos De Última Gene Ración: Genomas Y Bioinformática,Juan Asenjo De Leuze,,0.0,Mineria,,
It16M10045,2016,"Tecnología De Información Industrial, Basada En Gestión Del Conocimiento, Para Apoyar La Toma De Dec Isiones En La Operación De Procesos Industriales De Biolixiviación",Cecilia Demergasso Semenzato,,0.0,Mineria,,
It16I10003,2016,"Propuesta De Estándares En Infraestructura Crítica Para Edificaciones Y Viviendas Localizadas En Zon As De Interfaz Urbano-Forestal, Con El Objetivo De Minimizar El Nivel De Peligro En La Propagación D El Fuego. Area Piloto: Comuna De San José De Maipo",Miguel Castillo Soto,,0.0,Infraestructura,,
It16I10005,2016,Producción Masiva De Semillas De Navaja (Ensis Macha) En Ambiente Controlado: Validación Y Optimizac Ión De La Tecnología De Cultivo.,Carlos Estrada Munzenmayer,,0.0,Pesca Y Acuicultura,,
Ca12I10374,2012,Bio-Obtención De Nanopartículas De Selenio Encapsuladas En Polisacaridos Para Su Potencial Uso Como Suplemento Alimentario,María Mondaca Jara,,0.0,Agropecuaria,,
It16I10008,2016,"Modelo Para Evaluar Los Niveles De Servicio De Carreteras En Chile, Implementable En Bases De Licita Ción Para Nuevas Concesiones.",Rodrigo Delgadillo Sturla,,0.0,Infraestructura,,
It16I10010,2016,Desarrollo De Tecnologías Para El Control De La Evasión En El Transporte Público.,José Correa,,0.0,Tecnología De La Información Y Comunicaciones,,
It16I10022,2016,Producción De Almejas (Venus Antiqua) De Pequeño Calibre En Sistemas De Cultivo Suspendidos: Alterna Tiva Productiva Para Empresas Cultivadoras De Bivalvos.,Hugo Arancibia Farias,,0.0,Pesca Y Acuicultura,,
It16I10026,2016,Sistema De Carguío Autónomo Para Cargadores Frontales De Bajo Perfil,Javier Ruiz Del Solar San Martin,,0.0,Mineria,,
It16I10038,2016,Primer Sistema De Cultivo Integrado Outdoor Autosustentable Productor De Alimento Premium En Zonas C Osteras Desérticas De Chile,Yanett Leyton Lobos,,0.0,Pesca Y Acuicultura,,
It16I10039,2016,Laboratorio De Aprendizaje Litoral Para La Transición  Socio-Tecnológica En Caletas De Pescadores Ar Tesanales De Chiloé: Aplicación Participativa De Mimapa,Francisco Ther Rios,,0.0,Educacion Y Ciencias Sociales,,
It16I10044,2016,Tecnología Para El Mejoramiento De La Comprensión Lectora En Estudiantes Del Sistema Escolar Chileno .,Christian Soto Fajardo,,0.0,Educacion Y Ciencias Sociales,,
It16I10051,2016,"Tumorsec: Optimización, Validación Y Masificación De Un Ensayo De Secuenciación De Genes Para Mejora R La Precisión De Terapias Oncológicas.",Katherine Marcelain Cubillos,,0.0,Salud,,
It16I10055,2016,Plataforma Informática De Análisis De Redes Sociales Para Estudiar La Prevalencia De La Marihuana Y Alcohol En Chile: Una Aplicación De Data Mining En La Generación De Alertas Tempranas En Prevención De Adicciones,Juan Velasquez Silva,,0.0,Tecnología De La Información Y Comunicaciones,,
It16I10057,2016,Producción De Saxitoxina Como Material De Referencia Certificado Para La Vigilancia Y Control De Las Intoxicaciones Por Fenómenos Algales Nocivos,Abel Vasquez Veloso,,0.0,Pesca Y Acuicultura,,
Id15I10554,2015,Bases Científicas-Tecnológicas Para Generar Una Propuesta De Regulación De Envases Plásticos Recicla Dos Post-Consumo Para Su Uso En Contacto Directo Con Alimentos,Maria Galotto Lopez,,0.0,Agropecuaria,,
It16I10073,2016,Prosección Anatómica En Réplicas Y Reconstrucciones 3D De Secciones Corporales Humanas,Oscar Inzunza Hernandez,,0.0,Educacion Y Ciencias Sociales,,
Ca13I10208,2013,"Aseguramiento De La Calidad Sanitaria De Lilium A Través De La Implementación De Herramientas Biotec Nológicas Para La Identificación, Diagnostico Y Saneamiento De Virus Y Patógenos Subvirales",Ines Rosales Villavicencio,,0.0,Agropecuaria,,
It16I10083,2016,"Producción De Camarón De Río Del Norte Cryphiops Caementarius, Basado En El Desarrollo Tecnológico P Ara La Obtención De Juveniles  Y Selección De Características Notables",Maria Morales Suazo,,0.0,Pesca Y Acuicultura,,
It16I10084,2016,Desarrollo Y Validación De Un Producto Celular Alogénico Derivado De Células Madre Estromales Para S U Uso En Síndrome De Distrés Respiratorio Agudo,Jimena Cuenca Moreno,,0.0,Salud,,
It16I10087,2016,"Eucahydro 2.0: Modelo Predictivo De Sustentabilidad Hídrica Para Determinación Del Uso De Agua, Efic Iencia Del Uso Del Agua, Uso Eficiente Del Agua Y Resistencia A La Sequia De Genotipos Y Plantacione S De Eucalyptus.",Rafael Rubilar Pons,,0.0,Forestal,,
It16I10090,2016,Desarrollo De Una Cobertura Compuesta Para El Control De Erosión Eólica En Depósitos De Relave,Claudia Ortiz Calderon,,0.0,Mineria,,
It16I10092,2016,Modelo De Evaluación De Condiciones Para La Parentalidad (Mecep): Ajuste Y Aplicación En Diversidad De Contextos Socioculturales,Magaly Cabrolie Vargas,,0.0,Educacion Y Ciencias Sociales,,
It16I10095,2016,Identificación Y Monitoreo Satelital De Zonas De Peligro De Incendios Forestales A Partir De Quemas Agrícolas En El Sur De Chile,Patricio Acevedo Aranguiz,,0.0,Forestal,,
It16I10096,2016,Simulador Basado En Video Juegos Para Respuesta A Desastres,Roberto Aldunate Vera,,0.0,Energia Y Aguas,,
Id17I10010,2017,Desarrollo De Un Nuevo Repelente Natural Para El Control Del Escarabajo De La Corteza De Pino Aplicado Al Sector Forestal Y Maderero,Jose Becerra Allende,,0.0,Forestal,,
Id17I10012,2017,Desarrollo De Electrodos De Alta Eficiencia En Base A Materiales Nanoestructurados Para Aplicaciones En Procesos De Electro-Obtención En La Minería,Carolina Parra Gonzalez,,0.0,Mineria,,
Id17I10018,2017,Gestión De Inspecciones En Puentes De Acero Basado En Monitoreo Y Pronóstico De Daño Mediante Integr Ación De Sensores Y Procesamiento De Imágenes,Enrique Lopez,,0.0,Tecnología De La Información Y Comunicaciones,,
Id17I10021,2017,Proceso Integrado De Separación Por Membranas Para La Recuperación De Cianuro Y Metales De Valor En La Minería De Oro Y Plata,Humberto Estay,,0.0,Mineria,,
Id17I10033,2017,Prototipo De Alerta Temprana Para Sistemas Y Programas De Protección A La Infancia Desde Un Enfoque De Derechos.,Teresita Matus Sepúlveda,,0.0,Educacion Y Ciencias Sociales,,
Id17I10037,2017,Production Of Nanobodies For Post-Translational Modifications: Simple Antibodies For Big Challenges,Alejandro Rojas Fernandez,,0.0,Salud,,
Id17I10040,2017,"Preservante Innovador Biocompatible No Tóxico A Base De Nano-Lignina Y Nano-Sílice, Con Propiedades Anti-Uv, Biocidas E Ignífugas, Para Mejorar El Desempeño De La Madera País De Uso Exterior, Incremen Tando Su Valor Agregado Como Producto Final",Galo Cardenas Triviño,,0.0,Forestal,,
Id17I10043,2017,Sistema Autónomo De Mantenimiento Basado En Condición (Cbm) Para Plantas Fotovoltaicas En Climas Des Érticos Y De Alta Radiación,Rodrigo Barraza,,0.0,Energia Y Aguas,,
Id17I10064,2017,"Desarrollo, Producción Y Caracterización De Un Anticuerpo Recombinante Humano Contra La Variante Sol Uble De St2 (Sst2) Con Potencial Terapéutico Para El Tratamiento De La Colitis Ulcerosa",Marcela Hermoso,,0.0,Salud,,
Id17I10080,2017,Producción De Plántulas Quiméricas De Alto Crecimiento En Especies De Lessonia Para El Cultivo Y Rep Oblamiento De Ecosistemas Rocosos Costeros.,Alejandra Gonzalez,,0.0,Pesca Y Acuicultura,,
Id17I10087,2017,Implementación Y Validación De Un Sistema De Alerta Temprana Frente A Amenazas Naturales Basado En V Ehículos Aéreos Autónomos,Alfonso Fernandez Rivera,,0.0,Energia Y Aguas,,
Ca12I10123,2012,Aprovechamiento De Cepas Nativas Chilenas Asociadas A Terroir Y/O Denominación De Origen Para El Mejoramiento De Vinos Premium,Jaime Romero Ormazabal,,0.0,Agropecuaria,,
Id17I10095,2017,Tratamiento Farmacológico De La Enfermedad De Parkinson Con Cumarinas Multifuncionales. Prueba De Co Ncepto En Modelos Animales De La Enfermedad,Marco Nuñez Gonzalez,,0.0,Salud,,
Id17I10100,2017,Producción Biotecnológica De Una Formulación Anestésica Natural De Origen Marino Para Uso En Acuicul Tura,Allisson Astuya Villalon,,0.0,Pesca Y Acuicultura,,
Id17I10102,2017,"Suplemento Curricular Basado En Juegos Para El Desarrollo Del Lenguaje, Alfabetización, Conocimiento Numérico Y Autoregulación En Niveles Medio Y Transición De Educación Parvularia",Katherine Strasser Salinas,,0.0,Educacion Y Ciencias Sociales,,
Id17I10111,2017,Protocolo De Actuación Para La Atención En Justicia Con Enfoque De Género Y Diversidad,Ximena Andrea Gauché Marchetti,,0.0,Educacion Y Ciencias Sociales,,
Id17I10125,2017,Desarrollo De Un Tratamiento Biológico Avanzado Para Las Aguas Residuales De La Industria De La Celulosa,Javier Ferrer Valenzuela,,0.0,Energia Y Aguas,,
Id17I10140,2017,Sistema De Monitoreo Para Diagnóstico Y Pronóstico De Daño Estructural En Turbinas Eólicas,Rodrigo Astroza,,0.0,Tecnología De La Información Y Comunicaciones,,
Id17I10143,2017,"Desarrollo De Una Formulación Antiviral, A Partir De Extractos De Algas Pardas Del Litoral Chileno, Para Tratar Lesiones Cutáneas Producidas Por Virus Herpes Simple.",Pablo Gonzalez Munoz,,0.0,Salud,,
Id17I10161,2017,Diseño E Implementación De Infraestructura Tecnológica Para La Gestión De Consumos Flexibles En Sist Emas Eléctricos,Matias Negrete,,0.0,Energia Y Aguas,,
Id17I10162,2017,Desarrollo Y Estandarización De Un Nuevo Sistema Constructivo Para Muro De Hormigón Mediante Encofra Dos Prefabricados ?Stay In Place? De Altas Prestaciones Higrotérmicas Y Bajo Impacto Ambiental Para Edificación En Chile,Jesús Alberto Pulido,,0.0,Infraestructura,,
Id17I10184,2017,Sistema De Visión Espectral Para La Discriminación De Especies Pelágicas Pequeñas Presentes En La Pe Sca Artesanal,Jorge Pezoa Núñez,,0.0,Tecnología De La Información Y Comunicaciones,,
Id17I10185,2017,Generación De Un Antiparasitario De Base Nanobiotecnológica Para El Control De Caligidosis En Salmon Icultura,Jaime Romero Ormazabal,,0.0,Pesca Y Acuicultura,,
Id17I10215,2017,Desarrollo De Un Nuevo Hormigón Con Alta Razón Resistencia-Densidad - Hard Para Una Construcción Pro Ductiva Y Sustentable,Mauricio Lopez Casanova,,0.0,Infraestructura,,
Id17I10220,2017,"Espacios De Conocimiento En Matemáticas: Cognicion, Medicion Y Evaluacion De Aprendizajes Al Servici O De La Diversidad En El Aula",Ernesto San Martin Gutierrez,,0.0,Educacion Y Ciencias Sociales,,
Id17I10225,2017,Mejorando Relaciones Laborales: Investigación Y Desarrollo (I+D) De Un Prototipo De Sistema De Fomen To Al Dialogo Social (Ds) En Las Empresas.,Eduardo Abarzúa Cruz,,0.0,Educacion Y Ciencias Sociales,,
Id17I10236,2017,Desarrollo De Un Producto Biotecnológico Para La Reparación De Grietas En Estructuras De Hormigón,Vicente Zetola Vargas,,0.0,Infraestructura,,
Id17I10247,2017,Levaduras Autóctonas Para La Producción Sustentable De Larvas De Peces Marinos,Paola Navarrete Wallace,,0.0,Pesca Y Acuicultura,,
Id17I10254,2017,Identificación Masiva De Personas Mediante Huella Digital,Ricardo Barrientos,,0.0,Tecnología De La Información Y Comunicaciones,,
Id17I10256,2017,Comunicacion Inalambrica Laser: Acceso Digital De Banda Ancha,Jaime Anguita Garcia,,0.0,Tecnología De La Información Y Comunicaciones,,
Id17I10259,2017,Bioproducto En Base A Extractos Algales Para El Control De Las Plagas Forestales Gorgojo Del Eucalip To Y Escarabajo De La Corteza En Pino,Rene Le Feuvre Salas,,0.0,Forestal,,
Id17I10264,2017,Bases De Diseño Y Recomendaciones Para La Actualización De La Norma Chilena Nch1928 - Albañilería Ar Mada. Una Contribución Basada En Caracterización Experimental Y Micro-Modelación Detallada.,Cristián Sandoval,,0.0,Infraestructura,,
Id17I10276,2017,Desarrollo De Un Prototipo De Sistema De Recirculación Acuícola (Ras) Para Larvicultura De Especies Nativas Chilenas De Largo Y Complejo Desarrollo Larval Planctónico Como Concholepas Concholepas.,Sergio Morales Cofre,,0.0,Pesca Y Acuicultura,,
Id17I10287,2017,Optimización De La Tecnología De Producción De Cristalinos De G. Maculatus  Para La  Puesta En Valor De Un Recurso Endémico De Alta Proyección Comercial,Vanessa Andrea Mella Alvarado,,0.0,Pesca Y Acuicultura,,
Id17I10301,2017,Validación Pre-Clínica De Un Método Basado En Imágenes Médicas Para La Predicción Temprana De Daño I Nducido Por Ventilación Mecánica,Daniel Hurtado Sepúlveda,,0.0,Salud,,
Id17I10302,2017,Optimización Y Aplicación De Material Filtrante De Origen Diverso,Maria Rubio Campos,,0.0,Energia Y Aguas,,
Id17I10314,2017,Celdas Fotovoltaicas Sensibilizadas Con Extractos De Algas Chilenas,Paulraj Manidurai,,0.0,Energia Y Aguas,,
Id17I10333,2017,Desarrollo De Recubrimientos Ignífugos E Intumescentes Para La Protección De Materiales,Manuel Melendrez Castro,,0.0,Manufactura,,
Id17I10338,2017,Investigación Y Desarrollo De Un Alimentador Electrónico Para Máxima Eficiencia En Motores De Inducc Ión,Juan Carlos Travieso,,0.0,Energia Y Aguas,,
Id17I10339,2017,Desarrollo De Un Prototipo De Filtro De Aire Con Cobre Magnetizado Para La Reducción De Carga Bacter Iana En Recintos Cerrados/Contaminados,Marta Lopez Jenssen,,0.0,Manufactura,,
Id17I10359,2017,Leer+: Plataforma Para La Mejora De La Comprensión Lectora De Alumnos De Tercero A Sexto Básico,Pelusa Orellana Garcia,,0.0,Educacion Y Ciencias Sociales,,
Id17I10366,2017,Desarrollo Y Evaluación De Un Modelo Didáctico Transdisciplinar Para La Educación Básica Rural.,Gabriel Hernández,,0.0,Educacion Y Ciencias Sociales,,
Id17I10393,2017,Modelo Intracurricular De Facilitación De Competencias De Autorregulación Del Aprendizaje En Estudia Ntes Universitarios,Maria Perez Villalobos,,0.0,Educacion Y Ciencias Sociales,,
Id17I10421,2017,Sistema Integrado De Mantenimiento Predictivo Para Torres Y Subestaciones De Alta Tensión Orientado A Prevenir Fallas Por Condiciones Ambientales En El Sistema Eléctrico Nacional.,Rodrigo Villalobos San Martín,,0.0,Energia Y Aguas,,
Id17Am0009,2017,Desarrollo De Un Núcleo  De Extractos Bioactivos De Especies Naturales Del Sur De Chile Como Complem Ento Inmunomodulador Para El Adulto Mayor,Astrid Seperiza Wittwer,,0.0,Adulto Mayor,,
Id17Am0018,2017,Desarrollo De Alimentos Saludables Con Buenos Atributos Sensoriales Para Mejorar El Estado Nutricion Al Del Adulto Mayor (Am).,Maria Mariotti Celis,,0.0,Adulto Mayor,,
Id17Am0023,2017,"Calza Inteligente Que Mejora La Postura, El Movimiento Y La Calidad De Vida Del Adulto Mayor",Javier Munoz,,0.0,Adulto Mayor,,
Id17Am0038,2017,"Dispositivo Electrónico, Personal Y Portable En Salud (Deppas), Que Opera Independiente De Internet Y Redes De Telecomunicaciones: Aporte De Información Clave Para Resolutividad Del Equipo De Salud En Atención De Personas Mayores En Urgencias Y Desastres.",Marisa Torres Hidalgo,,0.0,Adulto Mayor,,
Id17Am0043,2017,"La Fuente De La Juventud: Desarrollo De Un Suplemento Antioxidante, Antiinflamatorio Y Neuroregenera Tivo Derivado Del Lúpulo Para El Rejuvenecimiento Cerebral",Mario Simirgiotis Agüero,,0.0,Adulto Mayor,,
Ca13I10334,2013,Aplicación De Extractos Naturales De Plantas Autóctonas Chilenas En El Desarrollo De Envases Activos Con Capacidad Antioxidante Y Antimicrobiana.,Abel Guarda Moraga,,0.0,Agropecuaria,,
It13I20048,2013,Optimización De Un Extracto Concentrado De Frutos De Raleo De Manzanos Orgánicos (Ecfp) Y Desarroll O De Un Prototipo Microencapsulado Con Potencial Uso En La Industria Alimentaria Y Farmacéutica.,Jose Yuri Salomon,,0.0,Agropecuaria,,
Ca13I10207,2013,"?Aplicación De Ho21, Un Producto Natural E Inocuo En Abejas Melíferas, Para El Control Y Prevención De La Infección Por Paenibacillus Larvae (Loque Americana)?",Jessica Martinez Arenas,,0.0,Agropecuaria,,
It16I10079,2016,"""Escalamiento A La Fase Comercial De Un Producto Natural (Ho21), Para El Control De Loque Americana En Abejas Melíferas"".",Jessica Martinez Arenas,,0.0,Agropecuaria,,
It17M10001,2017,Obtención De Cobre Metálico Y Sales De Cobre Como Valor Agregado A Pymes,Maria Taboada Meneses,,0.0,Mineria,,
It17M10002,2017,"Integración De Energías Renovables En Procesos Hidrometalúrgicos De La Pequeña Y Mediana Minería, Pa Ra La Producción Sustentable De Cobre",Marcelo Montenegro,,0.0,Mineria,,
It17M10005,2017,"Mineroc, Plataforma Tecnológica Para El Diseño En La Mediana Minería Subterránea",Javier Vallejos Massa,,0.0,Mineria,,
It17M10006,2017,Escalamiento Y Desarrollo De Un Bioestabilizador De Material Particulado Para La Operación Sustentab Le De Mina,Claudia Ortiz Calderon,,0.0,Mineria,,
It17M10009,2017,Desarrollo E Implementación De Un Sistema De Ahorro De Energía En Redes De Ventilación De Minas,Juan Hurtado Cruz,,0.0,Mineria,,
It17M10010,2017,Identificación De Fases Fundidas Mediante Imagenología Hiperespectral Y Radiometría Para Mejoras En Control De Procesos,Roberto Parra Figueroa,,0.0,Mineria,,
It17M10011,2017,Sistema De Análisis De Big Data En Refinerías Electrolíticas Para El Mejoramiento De La Automatizaci Ón Y Gestión Operacional: Caso Chuquicamata,Aldo Cipriano Zamorano,,0.0,Mineria,,
It17M10012,2017,Multiuser Vlc For Underground Mining,Ismael Soto Gomez,,0.0,Mineria,,
It17F10001,2017,Control Microbiológico Y Mitigación Del Desarrollo De Fans Mediante La Aplicación De Diatomeas Nativ As Inocuas,Carlos Riquelme Salamanca,,0.0,Pesca Y Acuicultura,,
It17F10002,2017,Análisis De Riesgo Y Sistema De Alerta Temprana De Floraciones Algales Nocivas Para La Acuicultura Y Áreas De Manejo En El Norte De Chile,Gonzalo Alvarez Vergara,,0.0,Pesca Y Acuicultura,,
It17F10011,2017,Sistema Masivo Y De Bajo Costo Para El Monitoreo In Situ De Algas Nocivas En Toda La Costa Chilena,Christopher Aiken -,,0.0,Pesca Y Acuicultura,,
It17F10012,2017,Huella Digital Hiper-Espectral De Especies De Marea Roja Mediante El Acoplamiento De Señales Bio-Ópticas Remotas E In Situ En Chile Austral.,Patricio Bernal,,0.0,Pesca Y Acuicultura,,
It17I0006,2017,Un Sistema Nacional De Protección De Trayectorias Educativas: Disminuyendo La Exclusión Educativa En La Enseñanza Escolar Y Previniendo La Deserción En Educación Superior,Patricio Rodriguez Valdes,,0.0,Educacion Y Ciencias Sociales,,
It17I0010,2017,"Desarrollo Y Validación De Un Sistema Integrado De Gestión De Intervenciones Con Adolescentes Infrac Tores De Ley Basado En El Modelo Multidimensional De Intervención Diferenciada, Mmida.",Ricardo Perez-Luco Arenas,,0.0,Educacion Y Ciencias Sociales,,
It17I0023,2017,Escalamiento Y Validación De Una Nueva Formulación Biocontroladora En Base A Bacteriófagos Para El C Ontrol De Peste Negra Del Nogal,Jaime Romero Ormazabal,,0.0,Agropecuaria,,
It17I0048,2017,Plataforma Tecnológica Para La Producción De Proteínas Recombinantes En La Leche De Mamíferos No-Tra Nsgénicos.,Oliberto Sanchez Ramos,,0.0,Agropecuaria,,
It17I0051,2017,Desarrollo De Una Herramienta Computacional Para La Evaluación Automática De Textos En El Sistema Es Colar Chileno.,Maria Veliz De Vos,,0.0,Educacion Y Ciencias Sociales,,
It17I0064,2017,Fabricación Y Validación De Semillas Artificiales De Pinus Radiata Para La Propagación Clonal En Viv Eros Forestales.,Nestor Urra Nunez,,0.0,Forestal,,
It17I0066,2017,Desarrollo De Una Plataforma Software-As-A-Service Para Apoyar Decisiones De Dotación De Personal En Cadenas De Retail,Andres Musalem Said,,0.0,Educacion Y Ciencias Sociales,,
It17I0069,2017,Sweet Pekeetah?: Un Modelo Tecnológico-Comercial Para Una Nueva Variedad Chilena De Fruta,Rodrigo Infante Espiñeira,,0.0,Agropecuaria,,
It17I0087,2017,Test De Predicción Rápida De Respuesta A Tratamiento Con Glucocorticoides En Pacientes Con Uveitis.,Cristhian Urzua Salinas,,0.0,Salud,,
It17I0098,2017,Desarrollo De Un Sistema Público De Alerta Temprana Para Proveer De Avisos De Aplicación Oportunos P Ara El Control De Eulias En Frutales Y Viñas,Tomislav Curkovic Sekul,,0.0,Agropecuaria,,
